segment_id,text,segment_start_sec,segment_end_sec,segment_duration_sec,start_token_id,end_token_id,expected_token_count,actual_token_count,missing_token_count,first_token_start_sec,last_token_end_sec,token_coverage_duration_sec,coverage_ratio,max_internal_gap_sec,sum_internal_gaps_sec,internal_gap_count,repeat_count,orphan_token_count,speaker_count,speakers,near_30s_boundary,has_token_count_mismatch
wseg_004051,,,,,23753,23755,3,3,0,9569.1,9573.28,4.180000000000291,,606.8400000000001,606.8400000000001,1,0,3,0,[],False,False
wseg_004050,,,,,23750,23752,3,3,0,9323.900000000001,9327.26,3.359999999998763,,241.84000000000015,241.84000000000015,1,0,3,0,[],False,False
wseg_004049,,,,,23747,23749,3,3,0,9270.94,9270.96,0.019999999998617568,,52.94000000000233,52.94000000000233,1,0,3,0,[],False,False
wseg_004041,,,,,23724,23726,3,3,0,9057.28,9065.28,8.0,,48.68000000000029,48.68000000000029,1,0,3,0,[],False,False
wseg_006188,,,,,39319,39322,4,4,0,15505.08,15506.5,1.4200000000000728,,36.42000000000007,36.42000000000007,1,0,4,0,[],False,False
wseg_004043,,,,,23729,23731,3,3,0,9117.28,9147.26,29.979999999999563,,26.700000000000728,26.700000000000728,1,0,3,0,[],False,False
wseg_004046,,,,,23738,23740,3,3,0,9207.28,9237.26,29.979999999999563,,26.700000000000728,26.700000000000728,1,0,3,0,[],False,False
wseg_004044,,,,,23732,23734,3,3,0,9173.960000000001,9177.26,3.2999999999992724,,26.399999999999636,26.399999999999636,1,0,3,0,[],False,False
wseg_001417,,,,,9205,9207,3,3,0,3307.3,3311.3,4.0,,26.0,26.0,1,0,3,0,[],False,False
wseg_001420,,,,,9214,9216,3,3,0,3397.3,3401.3,4.0,,26.0,26.0,1,0,3,0,[],False,False
wseg_001421,,,,,9217,9219,3,3,0,3427.3,3431.3,4.0,,26.0,26.0,1,0,3,0,[],False,False
wseg_001422,,,,,9220,9222,3,3,0,3457.3,3463.3,6.0,,24.0,24.0,1,0,3,0,[],False,False
wseg_001423,,,,,9223,9225,3,3,0,3487.3,3493.3,6.0,,24.0,24.0,1,0,3,0,[],False,False
wseg_005404,,,,,32708,32710,3,3,0,13116.12,13134.0,17.8799999999992,,23.280000000000655,23.280000000000655,1,0,3,0,[],False,False
wseg_004040,,,,,23720,23723,4,4,0,9033.14,9034.38,1.2399999999997817,,22.900000000001455,22.900000000001455,1,0,4,0,[],False,False
wseg_001424,,,,,9226,9228,3,3,0,3517.3,3525.3,8.0,,22.0,22.0,1,0,3,0,[],False,False
wseg_001425,,,,,9229,9231,3,3,0,3547.3,3557.3,10.0,,20.0,20.0,1,0,3,0,[],False,False
wseg_001426,,,,,9232,9234,3,3,0,3577.3,3587.3,10.0,,20.0,20.0,1,0,3,0,[],False,False
wseg_001427,,,,,9235,9237,3,3,0,3607.3,3619.3,12.0,,19.7199999999998,19.7199999999998,1,0,3,0,[],False,False
wseg_005403,,,,,32702,32707,6,6,0,13095.08,13096.48,1.3999999999996362,,19.640000000001237,19.640000000001237,1,0,6,0,[],False,False
wseg_002449,,,,,14995,14997,3,3,0,5745.28,5746.48,1.199999999999818,,19.00000000000091,19.00000000000091,1,0,3,0,[],False,False
wseg_001408,,,,,9174,9180,7,7,0,3045.62,3048.68,3.0599999999999454,,18.620000000000346,18.640000000000327,2,0,7,0,[],False,False
wseg_002046,,,,,12661,12663,3,3,0,4895.04,4895.94,0.8999999999996362,,17.88000000000011,17.88000000000011,1,0,3,0,[],False,False
wseg_003216,,,,,19364,19367,4,4,0,7316.68,7317.76,1.0799999999999272,,16.359999999999673,16.359999999999673,1,0,4,0,[],False,False
wseg_002208,,,,,13575,13581,7,7,0,5247.44,5249.28,1.8400000000001455,,16.159999999999854,16.159999999999854,1,0,7,0,[],False,False
wseg_003522,,,,,21000,21006,7,7,0,7952.62,7957.6,4.980000000000473,,14.919999999999163,14.919999999999163,1,0,7,0,[],False,False
wseg_001448,,,,,9356,9361,6,6,0,3687.32,3688.84,1.5199999999999818,,14.739999999999782,14.739999999999782,1,0,6,0,[],False,False
wseg_005405,,,,,32711,32713,3,3,0,13157.28,13164.0,6.719999999999345,,14.6200000000008,14.6200000000008,1,0,3,0,[],False,False
wseg_005406,,,,,32714,32716,3,3,0,13178.62,13194.5,15.8799999999992,,11.44000000000051,11.44000000000051,1,0,3,0,[],False,False
wseg_005407,,,,,32717,32719,3,3,0,13205.94,13224.0,18.05999999999949,,11.180000000000291,11.180000000000291,1,0,3,0,[],False,False
wseg_003364,,,,,20173,20176,4,4,0,7624.56,7625.8,1.2399999999997817,,10.99999999999909,10.99999999999909,1,0,4,0,[],False,False
wseg_002205,,,,,13564,13566,3,3,0,5233.18,5234.32,1.139999999999418,,10.740000000000691,10.740000000000691,1,0,3,0,[],False,False
wseg_002758,,,,,16870,16876,7,7,0,6388.7,6391.04,2.3400000000001455,,10.399999999999636,10.399999999999636,1,0,7,0,[],False,False
wseg_001743,,,,,11113,11118,6,6,0,4294.76,4295.56,0.8000000000001819,,9.8799999999992,9.8799999999992,1,0,6,0,[],False,False
wseg_004792,,,,,28983,28983,1,1,0,11876.359999999999,11876.72,0.3600000000005821,,9.300000000001091,9.300000000001091,1,0,1,0,[],False,False
wseg_002318,,,,,14192,14200,9,9,0,5480.36,5482.26,1.9000000000005457,,8.920000000000073,8.920000000000073,1,0,9,0,[],False,False
wseg_003046,,,,,18508,18513,6,6,0,6975.76,6977.3,1.5399999999999636,,7.579999999999018,7.579999999999018,1,0,6,0,[],False,False
wseg_005666,,,,,35817,35817,1,1,0,14334.7,14335.46,0.7599999999983993,,7.06000000000131,7.06000000000131,1,0,1,0,[],False,False
wseg_001739,,,,,11095,11096,2,2,0,4281.92,4282.56,0.6400000000003274,,7.019999999999527,7.019999999999527,1,0,2,0,[],False,False
wseg_002598,,,,,15921,15927,7,7,0,6060.1,6061.4,1.2999999999992724,,6.860000000000582,6.860000000000582,1,0,7,0,[],False,False
wseg_002599,,,,,15928,15928,1,1,0,6068.26,6068.8,0.5399999999999636,,6.220000000000255,6.220000000000255,1,0,1,0,[],False,False
wseg_001428,,,,,9238,9240,3,3,0,3639.02,3640.06,1.0399999999999636,,5.700000000000273,5.700000000000273,1,0,3,0,[],False,False
wseg_002920,,,,,17853,17856,4,4,0,6719.04,6720.12,1.0799999999999272,,5.460000000000036,5.460000000000036,1,0,4,0,[],False,False
wseg_004646,,,,,27979,27981,3,3,0,11580.8,11581.7,0.9000000000014552,,5.239999999999782,5.239999999999782,1,0,3,0,[],False,False
wseg_003775,,,,,22303,22305,3,3,0,8475.56,8476.04,0.48000000000138243,,4.8399999999983265,4.8399999999983265,1,0,3,0,[],False,False
wseg_003365,,,,,20177,20177,1,1,0,7636.799999999999,7637.36,0.5600000000004002,,4.819999999999709,4.819999999999709,1,0,1,0,[],False,False
wseg_003362,,,,,20163,20165,3,3,0,7616.56,7617.42,0.8599999999996726,,4.779999999999745,4.779999999999745,1,0,3,0,[],False,False
wseg_002596,,,,,15911,15913,3,3,0,6052.66,6053.44,0.7799999999997453,,4.5600000000004,4.5600000000004,1,0,3,0,[],False,False
wseg_005044,,,,,30401,30411,11,11,0,12388.98,12391.3,2.319999999999709,,4.559999999999491,4.559999999999491,1,0,11,0,[],False,False
wseg_004793,,,,,28984,28984,1,1,0,11886.02,11886.5,0.47999999999956344,,4.5,4.5,1,0,1,0,[],False,False
wseg_004166,,,,,25086,25093,8,8,0,10590.94,10593.2,2.2600000000002183,,4.299999999999272,4.359999999998763,2,0,8,0,[],False,False
wseg_003373,,,,,20210,20213,4,4,0,7653.04,7654.56,1.5200000000004366,,4.259999999999309,4.259999999999309,1,0,4,0,[],False,False
wseg_001089,,,,,7312,7316,5,5,0,2407.46,2409.32,1.8600000000001273,,4.239999999999782,4.239999999999782,1,0,5,0,[],False,False
wseg_003776,,,,,22306,22308,3,3,0,8480.88,8483.28,2.400000000001455,,4.1599999999980355,4.1599999999980355,1,0,3,0,[],False,False
wseg_004631,,,,,27880,27885,6,6,0,11550.82,11552.8,1.9799999999995634,,4.140000000001237,4.140000000001237,1,0,6,0,[],False,False
wseg_001128,,,,,7488,7488,1,1,0,2487.66,2488.22,0.5599999999999454,,4.140000000000327,4.140000000000327,1,0,1,0,[],False,False
wseg_004026,,,,,23647,23650,4,4,0,8997.28,8999.16,1.8799999999991996,,4.040000000000873,4.040000000000873,1,0,4,0,[],False,False
wseg_005139,,,,,30958,30963,6,6,0,12573.44,12575.72,2.279999999998836,,4.020000000000437,4.020000000000437,1,0,6,0,[],False,False
wseg_005526,,,,,34284,34284,1,1,0,13832.5,13832.76,0.2600000000002183,,3.899999999999636,3.899999999999636,1,0,1,0,[],False,False
wseg_003781,,,,,22329,22332,4,4,0,8495.02,8496.28,1.2600000000002183,,3.7599999999983993,3.7599999999983993,1,0,4,0,[],False,False
wseg_003758,,,,,22185,22193,9,9,0,8439.34,8441.12,1.7800000000006548,,3.6999999999989086,3.6999999999989086,1,0,9,0,[],False,False
wseg_001430,,,,,9244,9246,3,3,0,3646.28,3646.54,0.25999999999976353,,3.599999999999909,3.599999999999909,1,0,3,0,[],False,False
wseg_005124,,,,,30851,30859,9,9,0,12544.3,12546.2,1.9000000000014552,,3.539999999999054,3.539999999999054,1,0,9,0,[],False,False
wseg_003981,,,,,23398,23403,6,6,0,8908.02,8909.5,1.4799999999995634,,3.5200000000004366,3.5200000000004366,1,0,6,0,[],False,False
wseg_005408,,,,,32720,32722,3,3,0,13235.18,13254.5,19.31999999999971,,3.5200000000004366,3.5200000000004366,1,0,3,0,[],False,False
wseg_005066,,,,,30517,30519,3,3,0,12436.48,12437.88,1.3999999999996362,,3.500000000001819,3.500000000001819,1,0,3,0,[],False,False
wseg_003916,,,,,23043,23044,2,2,0,8774.22,8774.7,0.48000000000138243,,3.4799999999995634,3.4799999999995634,1,0,2,0,[],False,False
wseg_005014,,,,,30244,30246,3,3,0,12328.48,12329.62,1.140000000001237,,3.4400000000005093,3.4400000000005093,1,0,3,0,[],False,False
wseg_003721,,,,,21967,21971,5,5,0,8363.48,8365.02,1.5400000000008731,,3.4200000000000728,3.4200000000000728,1,0,5,0,[],False,False
wseg_003791,,,,,22370,22373,4,4,0,8519.86,8521.72,1.859999999998763,,3.4200000000000728,3.4200000000000728,1,0,4,0,[],False,False
wseg_003690,,,,,21802,21804,3,3,0,8303.9,8304.64,0.7399999999997817,,3.4200000000000728,3.4200000000000728,1,0,3,0,[],False,False
wseg_003867,,,,,22765,22770,6,6,0,8674.18,8674.9,0.7199999999993452,,3.400000000001455,3.400000000001455,1,0,6,0,[],False,False
wseg_002918,,,,,17843,17845,3,3,0,6712.240000000001,6713.3,1.0599999999994907,,3.360000000000582,3.360000000000582,1,0,3,0,[],False,False
wseg_005934,,,,,37770,37776,7,7,0,14991.44,14993.56,2.1199999999989814,,3.320000000001528,3.320000000001528,1,0,7,0,[],False,False
wseg_000765,,,,,5454,5457,4,4,0,1760.46,1761.56,1.099999999999909,,3.2799999999999727,3.2799999999999727,1,0,4,0,[],False,False
wseg_004735,,,,,28591,28591,1,1,0,11762.56,11762.94,0.38000000000101863,,3.2399999999997817,3.2399999999997817,1,0,1,0,[],False,False
wseg_005015,,,,,30247,30251,5,5,0,12333.060000000001,12334.8,1.7399999999979627,,3.2000000000007276,3.2000000000007276,1,0,5,0,[],False,False
wseg_000333,,,,,2784,2786,3,3,0,891.28,892.9,1.6200000000000045,,3.199999999999932,3.199999999999932,1,0,3,0,[],False,False
wseg_000365,,,,,2957,2960,4,4,0,952.6,954.58,1.9800000000000182,,3.17999999999995,3.17999999999995,1,0,4,0,[],False,False
wseg_004052,,,,,23756,23758,3,3,0,10180.12,10183.18,3.0599999999994907,,3.1599999999998545,3.1599999999998545,1,0,3,0,[],False,False
wseg_004484,,,,,27042,27048,7,7,0,11260.12,11262.32,2.1999999999989086,,3.139999999999418,3.139999999999418,1,0,7,0,[],False,False
wseg_003862,,,,,22749,22751,3,3,0,8661.12,8662.52,1.3999999999996362,,3.039999999999054,3.039999999999054,1,0,3,0,[],False,False
wseg_001157,,,,,7602,7605,4,4,0,2546.38,2547.64,1.2599999999997635,,3.019999999999982,3.019999999999982,1,0,4,0,[],False,False
wseg_004032,,,,,23670,23674,5,5,0,9014.42,9015.82,1.3999999999996362,,3.0,3.0,1,0,5,0,[],False,False
wseg_003930,,,,,23127,23130,4,4,0,8805.740000000002,8806.72,0.9799999999977445,,2.9800000000032014,2.9800000000032014,1,0,4,0,[],False,False
wseg_000606,,,,,4419,4426,8,8,0,1438.48,1441.06,2.5799999999999272,,2.980000000000018,2.980000000000018,1,0,8,0,[],False,False
wseg_005700,,,,,36128,36137,10,10,0,14453.14,14456.74,3.600000000000364,,2.8400000000001455,2.8400000000001455,1,0,10,0,[],False,False
wseg_000352,,,,,2879,2883,5,5,0,926.62,927.66,1.0399999999999636,,2.840000000000032,2.840000000000032,1,0,5,0,[],False,False
wseg_003044,,,,,18500,18500,1,1,0,6969.94,6970.34,0.4000000000005457,,2.839999999999236,2.839999999999236,1,0,1,0,[],False,False
wseg_002491,,,,,15259,15262,4,4,0,5844.18,5844.94,0.7599999999993088,,2.8200000000006185,2.8200000000006185,1,0,4,0,[],False,False
wseg_002627,,,,,16087,16089,3,3,0,6129.52,6130.34,0.819999999999709,,2.800000000000182,2.800000000000182,1,0,3,0,[],False,False
wseg_005477,,,,,33597,33610,14,14,0,13574.86,13579.66,4.799999999999272,,2.7600000000002183,2.779999999998836,2,0,14,0,[],False,False
wseg_004673,,,,,28144,28150,7,7,0,11634.92,11636.68,1.7600000000002183,,2.7000000000007276,2.7000000000007276,1,0,7,0,[],False,False
wseg_005291,,,,,31986,31991,6,6,0,12870.12,12871.6,1.4799999999995634,,2.6999999999989086,2.6999999999989086,1,0,6,0,[],False,False
wseg_004848,,,,,29280,29287,8,8,0,11996.38,11998.92,2.540000000000873,,2.639999999999418,2.639999999999418,1,0,8,0,[],False,False
wseg_001874,,,,,11849,11851,3,3,0,4559.38,4560.26,0.8800000000001091,,2.639999999999418,2.639999999999418,1,0,3,0,[],False,False
wseg_005820,,,,,37038,37040,3,3,0,14735.3,14736.96,1.6599999999998545,,2.6200000000008004,2.6200000000008004,1,0,3,0,[],False,False
wseg_004937,,,,,29773,29784,12,12,0,12173.1,12174.92,1.819999999999709,,2.600000000000364,2.600000000000364,1,0,12,0,[],False,False
wseg_005935,,,,,37777,37780,4,4,0,14996.880000000001,14998.98,2.099999999998545,,2.600000000000364,2.600000000000364,1,0,4,0,[],False,False
wseg_005212,,,,,31422,31422,1,1,0,12720.78,12721.56,0.7799999999988358,,2.600000000000364,2.600000000000364,1,0,1,0,[],False,False
wseg_000833,,,,,5856,5859,4,4,0,1898.8,1900.2,1.400000000000091,,2.599999999999909,2.599999999999909,1,0,4,0,[],False,False
wseg_006180,,,,,39278,39282,5,5,0,15489.08,15489.86,0.7800000000006548,,2.599999999998545,2.599999999998545,1,0,5,0,[],False,False
wseg_002581,,,,,15811,15814,4,4,0,6024.18,6025.18,1.0,,2.5799999999999272,2.5799999999999272,1,0,4,0,[],False,False
wseg_003151,,,,,19025,19029,5,5,0,7187.26,7188.72,1.4600000000000364,,2.5599999999994907,2.5599999999994907,1,0,5,0,[],False,False
wseg_003520,,,,,20993,20996,4,4,0,7947.1,7949.04,1.9399999999995998,,2.5399999999999636,2.5399999999999636,1,0,4,0,[],False,False
wseg_004589,,,,,27668,27671,4,4,0,11473.1,11473.6,0.5,,2.4800000000013824,2.4800000000013824,1,0,4,0,[],False,False
wseg_001868,,,,,11820,11824,5,5,0,4548.5,4549.84,1.3400000000001455,,2.4600000000000364,2.4600000000000364,1,0,5,0,[],False,False
wseg_005822,,,,,37044,37049,6,6,0,14740.72,14741.84,1.1200000000008004,,2.459999999999127,2.459999999999127,1,0,6,0,[],False,False
wseg_003919,,,,,23059,23063,5,5,0,8781.7,8782.64,0.9399999999986903,,2.4400000000005093,2.4400000000005093,1,0,5,0,[],False,False
wseg_005702,,,,,36141,36147,7,7,0,14460.72,14462.3,1.5799999999999272,,2.4200000000000728,2.4200000000000728,1,0,7,0,[],False,False
wseg_004408,,,,,26600,26605,6,6,0,11118.960000000001,11120.2,1.2399999999997817,,2.400000000001455,2.400000000001455,1,0,6,0,[],False,False
wseg_000003,,,,,30,39,10,10,0,23.2,26.68,3.4800000000000004,,2.3999999999999986,2.460000000000001,2,0,10,0,[],False,False
wseg_002755,,,,,16857,16859,3,3,0,6381.639999999999,6382.5,0.8600000000005821,,2.399999999999636,2.399999999999636,1,0,3,0,[],False,False
wseg_004532,,,,,27334,27334,1,1,0,11360.02,11360.68,0.6599999999998545,,2.399999999999636,2.399999999999636,1,0,1,0,[],False,False
wseg_003782,,,,,22333,22336,4,4,0,8500.039999999999,8501.4,1.360000000000582,,2.3800000000010186,2.3800000000010186,1,0,4,0,[],False,False
wseg_000296,,,,,2524,2528,5,5,0,815.18,816.54,1.3600000000000136,,2.3600000000000136,2.3600000000000136,1,0,5,0,[],False,False
wseg_001875,,,,,11852,11852,1,1,0,4562.9,4563.5,0.6000000000003638,,2.3599999999996726,2.3599999999996726,1,0,1,0,[],False,False
wseg_003682,,,,,21766,21771,6,6,0,8286.92,8288.68,1.7600000000002183,,2.3400000000001455,2.3400000000001455,1,0,6,0,[],False,False
wseg_003629,,,,,21468,21470,3,3,0,8179.82,8181.16,1.3400000000001455,,2.3400000000001455,2.3400000000001455,1,0,3,0,[],False,False
wseg_005630,,,,,35475,35480,6,6,0,14215.96,14217.42,1.4600000000009459,,2.280000000000655,2.280000000000655,1,0,6,0,[],False,False
wseg_003946,,,,,23220,23220,1,1,0,8839.6,8840.24,0.6399999999994179,,2.280000000000655,2.280000000000655,1,0,1,0,[],False,False
wseg_002316,,,,,14182,14184,3,3,0,5475.26,5476.3,1.0399999999999636,,2.2799999999997453,2.2799999999997453,1,0,3,0,[],False,False
wseg_004023,,,,,23621,23623,3,3,0,8989.02,8990.1,1.0799999999999272,,2.219999999999345,2.219999999999345,1,0,3,0,[],False,False
wseg_005251,,,,,31693,31695,3,3,0,12799.36,12800.54,1.180000000000291,,2.2000000000007276,2.399999999999636,2,0,3,0,[],False,False
wseg_001372,,,,,8924,8926,3,3,0,2975.0,2975.76,0.7600000000002183,,2.199999999999818,2.199999999999818,1,0,3,0,[],False,False
wseg_004523,,,,,27280,27283,4,4,0,11340.96,11342.62,1.6600000000016735,,2.1999999999989086,2.1999999999989086,1,0,4,0,[],False,False
wseg_000591,,,,,4318,4323,6,6,0,1410.26,1411.86,1.599999999999909,,2.1800000000000637,2.3199999999999363,2,0,6,0,[],False,False
wseg_004794,,,,,28985,28988,4,4,0,11891.0,11892.56,1.5599999999994907,,2.1600000000016735,2.1600000000016735,1,0,4,0,[],False,False
wseg_000960,,,,,6606,6608,3,3,0,2153.3,2154.64,1.3399999999996908,,2.1600000000003092,2.1600000000003092,1,0,3,0,[],False,False
wseg_005411,,,,,32730,32750,21,21,0,13259.5,13264.24,4.739999999999782,,2.140000000001237,2.140000000001237,1,0,21,0,[],False,False
wseg_004637,,,,,27919,27919,1,1,0,11566.46,11566.82,0.3600000000005821,,2.1199999999989814,2.1199999999989814,1,0,1,0,[],False,False
wseg_004373,,,,,26357,26360,4,4,0,11049.22,11050.34,1.1200000000008004,,2.100000000000364,2.100000000000364,1,0,4,0,[],False,False
wseg_004727,,,,,28534,28536,3,3,0,11747.18,11748.12,0.9400000000005093,,2.100000000000364,2.100000000000364,1,0,3,0,[],False,False
wseg_004819,,,,,29120,29121,2,2,0,11940.8,11941.68,0.8800000000010186,,2.100000000000364,2.100000000000364,1,0,2,0,[],False,False
wseg_001150,,,,,7575,7578,4,4,0,2530.08,2531.88,1.800000000000182,,2.099999999999909,2.099999999999909,1,0,4,0,[],False,False
wseg_002238,,,,,13733,13740,8,8,0,5320.24,5322.22,1.980000000000473,,2.0999999999994543,2.0999999999994543,1,0,8,0,[],False,False
wseg_003214,,,,,19354,19356,3,3,0,7311.44,7312.18,0.7400000000006912,,2.099999999998545,2.099999999998545,1,0,3,0,[],False,False
wseg_003929,,,,,23116,23126,11,11,0,8801.76,8803.66,1.8999999999996362,,2.0800000000017462,2.0800000000017462,1,0,11,0,[],False,False
wseg_004448,,,,,26823,26824,2,2,0,11194.42,11195.44,1.0200000000004366,,2.0599999999994907,2.0599999999994907,1,0,2,0,[],False,False
wseg_005849,,,,,37204,37209,6,6,0,14815.76,14817.66,1.8999999999996362,,2.0200000000004366,2.0200000000004366,1,0,6,0,[],False,False
wseg_000281,,,,,2438,2440,3,3,0,785.76,786.9,1.1399999999999864,,2.0,2.0,1,0,3,0,[],False,False
wseg_001984,,,,,12329,12332,4,4,0,4773.06,4774.02,0.9600000000000364,,1.9799999999995634,1.9799999999995634,1,0,4,0,[],False,False
wseg_001911,,,,,11985,11990,6,6,0,4626.7,4629.48,2.7799999999997453,,1.9600000000000364,1.9600000000000364,1,0,6,0,[],False,False
wseg_003761,,,,,22208,22208,1,1,0,8448.44,8448.64,0.1999999999989086,,1.9599999999991269,1.9599999999991269,1,0,1,0,[],False,False
wseg_005877,,,,,37370,37373,4,4,0,14878.720000000001,14879.9,1.179999999998472,,1.9400000000023283,1.9400000000023283,1,0,4,0,[],False,False
wseg_003905,,,,,22973,22973,1,1,0,8751.98,8752.14,0.15999999999985448,,1.9400000000023283,1.9400000000023283,1,0,1,0,[],False,False
wseg_003857,,,,,22720,22725,6,6,0,8650.56,8652.82,2.2600000000002183,,1.9400000000005093,1.9400000000005093,1,0,6,0,[],False,False
wseg_004445,,,,,26813,26816,4,4,0,11187.68,11189.46,1.7799999999988358,,1.9400000000005093,1.9400000000005093,1,0,4,0,[],False,False
wseg_003925,,,,,23091,23092,2,2,0,8793.9,8794.46,0.5599999999994907,,1.9200000000018917,1.9200000000018917,1,0,2,0,[],False,False
wseg_004021,,,,,23609,23617,9,9,0,8984.32,8986.26,1.9400000000005093,,1.9200000000000728,1.9200000000000728,1,0,9,0,[],False,False
wseg_000237,,,,,2179,2186,8,8,0,697.3,699.6,2.300000000000068,,1.919999999999959,1.919999999999959,1,0,8,0,[],False,False
wseg_001431,,,,,9247,9249,3,3,0,3650.14,3655.3,5.160000000000309,,1.919999999999618,1.919999999999618,1,0,3,0,[],False,False
wseg_005255,,,,,31717,31722,6,6,0,12806.82,12809.46,2.639999999999418,,1.9000000000014552,1.9000000000014552,1,0,6,0,[],False,False
wseg_003599,,,,,21326,21328,3,3,0,8119.54,8121.62,2.0799999999999272,,1.8800000000001091,1.8800000000001091,1,0,3,0,[],False,False
wseg_000369,,,,,2980,2981,2,2,0,963.12,963.96,0.8400000000000318,,1.8799999999999955,1.8799999999999955,1,0,2,0,[],False,False
wseg_005581,,,,,35003,35015,13,13,0,14066.5,14069.64,3.139999999999418,,1.8799999999991996,1.8799999999991996,1,0,13,0,[],False,False
wseg_004590,,,,,27672,27673,2,2,0,11476.080000000002,11477.04,0.9599999999991269,,1.859999999998763,1.859999999998763,1,0,2,0,[],False,False
wseg_000508,,,,,3860,3866,7,7,0,1244.24,1245.82,1.5799999999999272,,1.8400000000001455,1.8400000000001455,1,0,7,0,[],False,False
wseg_003570,,,,,21190,21193,4,4,0,8065.06,8066.42,1.3599999999996726,,1.8400000000001455,1.8400000000001455,1,0,4,0,[],False,False
wseg_000763,,,,,5441,5444,4,4,0,1754.88,1755.72,0.8399999999999181,,1.8399999999999181,1.8399999999999181,1,0,4,0,[],False,False
wseg_005101,,,,,30710,30711,2,2,0,12503.34,12503.82,0.47999999999956344,,1.8000000000010914,1.8000000000010914,1,0,2,0,[],False,False
wseg_000436,,,,,3371,3379,9,9,0,1097.96,1099.76,1.7999999999999545,,1.7999999999999545,1.8799999999998818,2,0,9,0,[],False,False
wseg_006046,,,,,38404,38412,9,9,0,15223.22,15224.68,1.4600000000009459,,1.7999999999992724,1.8999999999996362,2,0,9,0,[],False,False
wseg_006062,,,,,38496,38496,1,1,0,15255.6,15255.84,0.23999999999978172,,1.7800000000006548,1.7800000000006548,1,0,1,0,[],False,False
wseg_000441,,,,,3407,3409,3,3,0,1109.46,1110.34,0.8799999999998818,,1.7799999999999727,1.7799999999999727,1,0,3,0,[],False,False
wseg_004027,,,,,23651,23654,4,4,0,9003.2,9004.8,1.5999999999985448,,1.7400000000016007,1.7400000000016007,1,0,4,0,[],False,False
wseg_005876,,,,,37368,37369,2,2,0,14876.28,14876.98,0.6999999999989086,,1.7400000000016007,1.7400000000016007,1,0,2,0,[],False,False
wseg_003476,,,,,20751,20755,5,5,0,7858.76,7859.84,1.0799999999999272,,1.7399999999997817,1.7399999999997817,1,0,5,0,[],False,False
wseg_003555,,,,,21131,21133,3,3,0,8035.14,8036.52,1.3800000000001091,,1.7399999999997817,1.7399999999997817,1,0,3,0,[],False,False
wseg_004309,,,,,26005,26007,3,3,0,10924.7,10925.86,1.1599999999998545,,1.7399999999997817,1.7399999999997817,1,0,3,0,[],False,False
wseg_004605,,,,,27745,27748,4,4,0,11503.74,11505.18,1.4400000000005093,,1.680000000000291,1.680000000000291,1,0,4,0,[],False,False
wseg_001889,,,,,11898,11900,3,3,0,4586.96,4587.82,0.8599999999996726,,1.680000000000291,1.680000000000291,1,0,3,0,[],False,False
wseg_003614,,,,,21392,21394,3,3,0,8149.36,8151.88,2.5200000000004366,,1.6799999999993815,1.6799999999993815,1,0,3,0,[],False,False
wseg_003801,,,,,22411,22411,1,1,0,8541.4,8542.0,0.6000000000003638,,1.679999999998472,1.679999999998472,1,0,1,0,[],False,False
wseg_005320,,,,,32203,32209,7,7,0,12930.46,12931.96,1.5,,1.6599999999998545,1.7399999999997817,2,0,7,0,[],False,False
wseg_006154,,,,,39113,39116,4,4,0,15438.220000000001,15439.7,1.4799999999995634,,1.6599999999998545,1.6599999999998545,1,0,4,0,[],False,False
wseg_003731,,,,,22014,22022,9,9,0,8384.4,8386.8,2.399999999999636,,1.640000000001237,1.640000000001237,1,0,9,0,[],False,False
wseg_001884,,,,,11880,11880,1,1,0,4576.0,4576.66,0.6599999999998545,,1.6400000000003274,1.6400000000003274,1,0,1,0,[],False,False
wseg_005051,,,,,30429,30433,5,5,0,12407.44,12409.0,1.5599999999994907,,1.639999999999418,1.639999999999418,1,0,5,0,[],False,False
wseg_003788,,,,,22358,22362,5,5,0,8513.46,8514.86,1.4000000000014552,,1.6199999999989814,1.6199999999989814,1,0,5,0,[],False,False
wseg_005301,,,,,32060,32075,16,16,0,12891.38,12893.18,1.8000000000010914,,1.6000000000003638,1.6000000000003638,1,0,16,0,[],False,False
wseg_005681,,,,,35935,35946,12,12,0,14391.68,14394.94,3.2600000000002183,,1.6000000000003638,1.6200000000008004,2,0,12,0,[],False,False
wseg_005397,,,,,32660,32666,7,7,0,13082.72,13084.02,1.3000000000010914,,1.6000000000003638,1.6000000000003638,1,0,7,0,[],False,False
wseg_004202,,,,,25349,25352,4,4,0,10689.82,10691.98,2.1599999999998545,,1.6000000000003638,1.6000000000003638,1,0,4,0,[],False,False
wseg_002805,,,,,17140,17149,10,10,0,6487.64,6491.42,3.7799999999997453,,1.5999999999994543,1.5999999999994543,1,0,10,0,[],False,False
wseg_001779,,,,,11299,11307,9,9,0,4371.54,4374.36,2.819999999999709,,1.5999999999994543,1.8999999999996362,2,0,9,0,[],False,False
wseg_002099,,,,,12949,12957,9,9,0,5019.96,5021.88,1.9200000000000728,,1.5999999999994543,1.5999999999994543,1,0,9,0,[],False,False
wseg_006097,,,,,38779,38788,10,10,0,15323.9,15326.2,2.3000000000010914,,1.5999999999985448,1.5999999999985448,1,0,10,0,[],False,False
wseg_005567,,,,,34852,34864,13,13,0,14023.78,14025.98,2.1999999999989086,,1.5600000000013097,1.640000000003056,3,0,13,0,[],False,False
wseg_004763,,,,,28759,28765,7,7,0,11818.36,11819.78,1.4200000000000728,,1.5599999999976717,1.5599999999976717,1,0,7,0,[],False,False
wseg_001666,,,,,10677,10682,6,6,0,4136.28,4137.98,1.699999999999818,,1.5400000000008731,1.5400000000008731,1,0,6,0,[],False,False
wseg_000769,,,,,5474,5477,4,4,0,1771.4,1772.5,1.099999999999909,,1.5399999999999636,1.5399999999999636,1,0,4,0,[],False,False
wseg_004922,,,,,29688,29691,4,4,0,12143.78,12145.28,1.5,,1.5399999999990541,1.5399999999990541,1,0,4,0,[],False,False
wseg_003864,,,,,22755,22757,3,3,0,8666.9,8668.62,1.7200000000011642,,1.5399999999990541,1.5399999999990541,1,0,3,0,[],False,False
wseg_005313,,,,,32156,32161,6,6,0,12915.86,12918.08,2.219999999999345,,1.5200000000004366,1.7800000000006548,2,0,6,0,[],False,False
wseg_005326,,,,,32255,32258,4,4,0,12941.46,12942.42,0.9600000000009459,,1.5199999999986176,1.6199999999989814,2,0,4,0,[],False,False
wseg_000036,,,,,372,379,8,8,0,154.32,156.56,2.240000000000009,,1.5,1.839999999999975,4,0,8,0,[],False,False
wseg_001064,,,,,7160,7166,7,7,0,2358.82,2360.68,1.8599999999996726,,1.5,1.5,1,0,7,0,[],False,False
wseg_001808,,,,,11473,11478,6,6,0,4429.14,4430.8,1.6599999999998545,,1.5,1.5,1,0,6,0,[],False,False
wseg_001336,,,,,8700,8702,3,3,0,2902.96,2903.9,0.9400000000000546,,1.5,1.5,1,0,3,0,[],False,False
wseg_005762,,,,,36671,36671,1,1,0,14601.98,14602.16,0.18000000000029104,,1.5,1.5,1,0,1,0,[],False,False
wseg_000616,,,,,4488,4491,4,4,0,1462.0,1462.68,0.6800000000000637,,1.4999999999997726,1.4999999999997726,1,0,4,0,[],False,False
wseg_005081,,,,,30598,30599,2,2,0,12465.62,12467.28,1.6599999999998545,,1.499999999998181,1.499999999998181,1,0,2,0,[],False,False
wseg_000420,,,,,3296,3300,5,5,0,1065.78,1066.84,1.0599999999999454,,1.4800000000002456,1.4800000000002456,1,0,5,0,[],False,False
wseg_004241,,,,,25604,25609,6,6,0,10784.2,10785.38,1.179999999998472,,1.4600000000009459,1.4600000000009459,1,0,6,0,[],False,False
wseg_004863,,,,,29351,29360,10,10,0,12026.92,12030.1,3.180000000000291,,1.4599999999991269,1.4599999999991269,1,0,10,0,[],False,False
wseg_006117,,,,,38918,38923,6,6,0,15364.14,15365.24,1.1000000000003638,,1.4400000000005093,1.4400000000005093,1,0,6,0,[],False,False
wseg_004577,,,,,27607,27610,4,4,0,11449.5,11451.44,1.9400000000005093,,1.4400000000005093,1.4400000000005093,1,0,4,0,[],False,False
wseg_004072,,,,,23983,23993,11,11,0,10249.68,10251.56,1.8799999999991996,,1.4200000000000728,1.5400000000008731,2,0,11,0,[],False,False
wseg_001985,,,,,12333,12339,7,7,0,4776.0,4777.66,1.6599999999998545,,1.4200000000000728,1.4200000000000728,1,0,7,0,[],False,False
wseg_005631,,,,,35481,35487,7,7,0,14219.7,14221.64,1.9399999999986903,,1.4200000000000728,1.5,2,0,7,0,[],False,False
wseg_003688,,,,,21798,21798,1,1,0,8301.6,8302.08,0.47999999999956344,,1.4200000000000728,1.4200000000000728,1,0,1,0,[],False,False
wseg_000656,,,,,4758,4762,5,5,0,1541.52,1542.88,1.3600000000001273,,1.4199999999998454,1.4199999999998454,1,0,5,0,[],False,False
wseg_002401,,,,,14714,14720,7,7,0,5651.58,5653.66,2.0799999999999272,,1.4000000000005457,1.4000000000005457,1,0,7,0,[],False,False
wseg_002722,,,,,16650,16656,7,7,0,6315.36,6318.28,2.9200000000000728,,1.4000000000005457,1.4000000000005457,1,0,7,0,[],False,False
wseg_001207,,,,,7899,7910,12,12,0,2642.9,2645.9,3.0,,1.400000000000091,1.400000000000091,1,0,12,0,[],False,False
wseg_003866,,,,,22763,22764,2,2,0,8672.12,8672.78,0.6599999999998545,,1.3999999999996362,1.3999999999996362,1,0,2,0,[],False,False
wseg_005027,,,,,30306,30311,6,6,0,12357.76,12359.02,1.2600000000002183,,1.3800000000010186,1.3800000000010186,1,0,6,0,[],False,False
wseg_006092,,,,,38750,38754,5,5,0,15314.5,15315.48,0.9799999999995634,,1.3800000000010186,1.3800000000010186,1,0,5,0,[],False,False
wseg_000298,,,,,2535,2539,5,5,0,819.9,821.32,1.4200000000000728,,1.3799999999998818,1.3799999999998818,1,0,5,0,[],False,False
wseg_004636,,,,,27913,27918,6,6,0,11562.679999999998,11565.08,2.400000000001455,,1.3799999999991996,1.3799999999991996,1,0,6,0,[],False,False
wseg_004449,,,,,26825,26828,4,4,0,11197.5,11198.44,0.9400000000005093,,1.3799999999991996,1.3799999999991996,1,0,4,0,[],False,False
wseg_004672,,,,,28138,28143,6,6,0,11632.62,11633.56,0.9399999999986903,,1.360000000000582,1.360000000000582,1,0,6,0,[],False,False
wseg_005286,,,,,31947,31958,12,12,0,12862.84,12864.52,1.680000000000291,,1.359999999998763,1.359999999998763,1,0,12,0,[],False,False
wseg_005562,,,,,34788,34799,12,12,0,14002.56,14006.28,3.720000000001164,,1.359999999998763,1.359999999998763,1,0,12,0,[],False,False
wseg_002731,,,,,16705,16709,5,5,0,6334.16,6336.82,2.6599999999998545,,1.340000000001055,1.340000000001055,1,0,5,0,[],False,False
wseg_004668,,,,,28117,28125,9,9,0,11624.5,11627.44,2.9400000000005093,,1.3400000000001455,1.3400000000001455,1,0,9,0,[],False,False
wseg_002136,,,,,13147,13151,5,5,0,5094.02,5095.12,1.0999999999994543,,1.3400000000001455,1.3400000000001455,1,0,5,0,[],False,False
wseg_003018,,,,,18366,18370,5,5,0,6918.7,6919.86,1.1599999999998545,,1.3400000000001455,1.3400000000001455,1,0,5,0,[],False,False
wseg_002106,,,,,12986,12988,3,3,0,5034.1,5035.12,1.019999999999527,,1.3400000000001455,1.3400000000001455,1,0,3,0,[],False,False
wseg_006054,,,,,38455,38457,3,3,0,15239.1,15239.64,0.5399999999990541,,1.3400000000001455,1.3400000000001455,1,0,3,0,[],False,False
wseg_005845,,,,,37184,37186,3,3,0,14805.04,14806.48,1.4399999999986903,,1.320000000001528,1.320000000001528,1,0,3,0,[],False,False
wseg_001106,,,,,7401,7403,3,3,0,2445.38,2446.98,1.599999999999909,,1.3200000000001637,1.3200000000001637,1,0,3,0,[],False,False
wseg_006182,,,,,39287,39290,4,4,0,15493.88,15494.5,0.6200000000008004,,1.319999999999709,1.319999999999709,1,0,4,0,[],False,False
wseg_004443,,,,,26809,26809,1,1,0,11184.98,11185.24,0.2600000000002183,,1.319999999999709,1.319999999999709,1,0,1,0,[],False,False
wseg_004941,,,,,29799,29805,7,7,0,12180.82,12183.08,2.2600000000002183,,1.3000000000010914,1.3000000000010914,1,0,7,0,[],False,False
wseg_004028,,,,,23655,23659,5,5,0,9006.54,9008.6,2.0599999999994907,,1.3000000000010914,1.3000000000010914,1,0,5,0,[],False,False
wseg_003828,,,,,22546,22548,3,3,0,8593.88,8594.48,0.6000000000003638,,1.3000000000010914,1.3000000000010914,1,0,3,0,[],False,False
wseg_001121,,,,,7452,7457,6,6,0,2472.98,2477.0,4.019999999999982,,1.300000000000182,1.300000000000182,1,0,6,0,[],False,False
wseg_001155,,,,,7592,7594,3,3,0,2541.34,2542.46,1.1199999999998909,,1.300000000000182,1.300000000000182,1,0,3,0,[],False,False
wseg_000252,,,,,2265,2270,6,6,0,728.78,730.22,1.4400000000000546,,1.2999999999999545,1.2999999999999545,1,0,6,0,[],False,False
wseg_005306,,,,,32109,32110,2,2,0,12902.880000000001,12903.68,0.7999999999992724,,1.2999999999992724,1.2999999999992724,1,0,2,0,[],False,False
wseg_004750,,,,,28673,28676,4,4,0,11792.76,11793.62,0.8600000000005821,,1.2999999999974534,1.2999999999974534,1,0,4,0,[],False,False
wseg_005172,,,,,31180,31184,5,5,0,12640.82,12642.94,2.1200000000008004,,1.2800000000006548,2.1599999999980355,3,0,5,0,[],False,False
wseg_001637,,,,,10512,10515,4,4,0,4079.98,4080.66,0.6799999999998363,,1.2800000000002,1.2800000000002,1,0,4,0,[],False,False
wseg_000506,,,,,3849,3851,3,3,0,1239.42,1240.24,0.8199999999999363,,1.2799999999999727,1.2799999999999727,1,0,3,0,[],False,False
wseg_001823,,,,,11556,11562,7,7,0,4459.26,4461.02,1.7600000000002183,,1.2799999999997453,1.2799999999997453,1,0,7,0,[],False,False
wseg_002751,,,,,16834,16839,6,6,0,6374.12,6375.64,1.5200000000004366,,1.2799999999997453,1.2799999999997453,1,0,6,0,[],False,False
wseg_005393,,,,,32638,32643,6,6,0,13075.6,13077.88,2.279999999998836,,1.2600000000020373,1.2600000000020373,1,0,6,0,[],False,False
wseg_005494,,,,,33881,33890,10,10,0,13680.7,13683.72,3.0199999999986176,,1.2600000000002183,1.2999999999992724,2,0,10,0,[],False,False
wseg_004745,,,,,28644,28645,2,2,0,11782.6,11783.6,1.0,,1.2599999999983993,1.2599999999983993,1,0,2,0,[],False,False
wseg_003093,,,,,18756,18760,5,5,0,7074.08,7075.48,1.3999999999996362,,1.2400000000006912,1.2400000000006912,1,0,5,0,[],False,False
wseg_001222,,,,,8010,8016,7,7,0,2673.6,2676.06,2.4600000000000364,,1.2400000000002365,1.2800000000002,2,0,7,0,[],False,False
wseg_001187,,,,,7771,7779,9,9,0,2605.46,2607.48,2.019999999999982,,1.2399999999997817,1.2399999999997817,1,0,9,0,[],False,False
wseg_004612,,,,,27781,27785,5,5,0,11516.78,11518.36,1.5799999999999272,,1.2399999999997817,1.2399999999997817,1,0,5,0,[],False,False
wseg_001049,,,,,7086,7088,3,3,0,2330.14,2330.94,0.8000000000001819,,1.2399999999997817,1.2399999999997817,1,0,3,0,[],False,False
wseg_002621,,,,,16055,16059,5,5,0,6117.3,6118.9,1.5999999999994543,,1.2200000000011642,1.2200000000011642,1,0,5,0,[],False,False
wseg_002249,,,,,13798,13803,6,6,0,5344.36,5346.32,1.9600000000000364,,1.2200000000002547,1.2200000000002547,1,0,6,0,[],False,False
wseg_002129,,,,,13114,13118,5,5,0,5079.5,5082.06,2.5600000000004,,1.2199999999993452,1.2199999999993452,1,0,5,0,[],False,False
wseg_003148,,,,,19014,19018,5,5,0,7182.22,7183.66,1.4399999999995998,,1.2199999999993452,1.2199999999993452,1,0,5,0,[],False,False
wseg_005628,,,,,35467,35471,5,5,0,14209.34,14213.6,4.260000000000218,,1.2199999999993452,1.2199999999993452,1,0,5,0,[],False,False
wseg_002297,,,,,14080,14083,4,4,0,5437.82,5439.14,1.3200000000006185,,1.2199999999993452,1.2199999999993452,1,0,4,0,[],False,False
wseg_005097,,,,,30690,30692,3,3,0,12496.88,12497.76,0.8800000000010186,,1.2199999999993452,1.2199999999993452,1,0,3,0,[],False,False
wseg_005763,,,,,36672,36674,3,3,0,14603.66,14604.6,0.9400000000005093,,1.2199999999993452,1.2199999999993452,1,0,3,0,[],False,False
wseg_006095,,,,,38768,38770,3,3,0,15321.1,15321.36,0.2600000000002183,,1.2199999999993452,1.2199999999993452,1,0,3,0,[],False,False
wseg_002896,,,,,17715,17717,3,3,0,6668.5,6669.22,0.7200000000002547,,1.2199999999984357,1.2199999999984357,1,0,3,0,[],False,False
wseg_005391,,,,,32631,32635,5,5,0,13072.02,13073.64,1.6199999999989814,,1.2000000000025466,1.2000000000025466,1,0,5,0,[],False,False
wseg_004952,,,,,29859,29867,9,9,0,12203.7,12205.8,2.099999999998545,,1.2000000000007276,1.2199999999993452,2,0,9,0,[],False,False
wseg_004853,,,,,29310,29313,4,4,0,12008.64,12009.86,1.2200000000011642,,1.2000000000007276,1.2000000000007276,1,0,4,0,[],False,False
wseg_000379,,,,,3059,3062,4,4,0,983.1,984.5,1.3999999999999773,,1.1999999999999318,1.1999999999999318,1,0,4,0,[],False,False
wseg_001999,,,,,12403,12407,5,5,0,4802.64,4804.8,2.1599999999998545,,1.199999999999818,1.199999999999818,1,0,5,0,[],False,False
wseg_006049,,,,,38421,38428,8,8,0,15229.0,15230.78,1.7800000000006548,,1.1999999999989086,1.1999999999989086,1,0,8,0,[],False,False
wseg_004917,,,,,29673,29675,3,3,0,12133.88,12136.78,2.900000000001455,,1.1999999999989086,1.1999999999989086,1,0,3,0,[],False,False
wseg_004381,,,,,26417,26423,7,7,0,11065.0,11066.48,1.4799999999995634,,1.180000000000291,1.180000000000291,1,0,7,0,[],False,False
wseg_004907,,,,,29604,29609,6,6,0,12113.82,12115.64,1.819999999999709,,1.180000000000291,1.2000000000007276,2,0,6,0,[],False,False
wseg_004540,,,,,27379,27383,5,5,0,11378.76,11380.12,1.360000000000582,,1.180000000000291,1.180000000000291,1,0,5,0,[],False,False
wseg_005982,,,,,38041,38044,4,4,0,15095.06,15096.64,1.5799999999999272,,1.180000000000291,1.180000000000291,1,0,4,0,[],False,False
wseg_004256,,,,,25700,25702,3,3,0,10819.78,10820.66,0.8799999999991996,,1.180000000000291,1.180000000000291,1,0,3,0,[],False,False
wseg_005083,,,,,30602,30607,6,6,0,12469.66,12471.62,1.9600000000009459,,1.179999999998472,1.2399999999979627,2,0,6,0,[],False,False
wseg_005024,,,,,30284,30295,12,12,0,12351.38,12354.38,3.0,,1.1600000000016735,1.1600000000016735,1,0,12,0,[],False,False
wseg_004660,,,,,28075,28080,6,6,0,11611.84,11613.06,1.2199999999993452,,1.1600000000016735,1.1600000000016735,1,0,6,0,[],False,False
wseg_000472,,,,,3620,3626,7,7,0,1171.72,1172.82,1.099999999999909,,1.1600000000000819,1.1600000000000819,1,0,7,0,[],False,False
wseg_000457,,,,,3516,3518,3,3,0,1142.04,1142.82,0.7799999999999727,,1.1600000000000819,1.1600000000000819,1,0,3,0,[],False,False
wseg_000179,,,,,1773,1779,7,7,0,576.38,578.92,2.5399999999999636,,1.1599999999999682,1.1599999999999682,1,0,7,0,[],False,False
wseg_004206,,,,,25370,25378,9,9,0,10700.06,10702.7,2.640000000001237,,1.1599999999998545,1.1599999999998545,1,0,9,0,[],False,False
wseg_005861,,,,,37281,37286,6,6,0,14844.96,14847.5,2.540000000000873,,1.1599999999998545,1.1599999999998545,1,0,6,0,[],False,False
wseg_002761,,,,,16883,16887,5,5,0,6404.02,6405.76,1.7399999999997817,,1.1599999999998545,1.1799999999993815,2,0,5,0,[],False,False
wseg_001444,,,,,9329,9339,11,11,0,3679.32,3682.28,2.9600000000000364,,1.1599999999993997,1.1599999999993997,1,0,11,0,[],False,False
wseg_005654,,,,,35710,35718,9,9,0,14297.66,14299.8,2.139999999999418,,1.140000000001237,1.140000000001237,1,0,9,0,[],False,False
wseg_004403,,,,,26575,26579,5,5,0,11108.92,11111.32,2.399999999999636,,1.140000000001237,1.319999999999709,2,0,5,0,[],False,False
wseg_005250,,,,,31691,31692,2,2,0,12797.82,12798.22,0.3999999999996362,,1.140000000001237,1.140000000001237,1,0,2,0,[],False,False
wseg_002536,,,,,15539,15549,11,11,0,5933.06,5936.62,3.5599999999994907,,1.1400000000003274,1.1400000000003274,1,0,11,0,[],False,False
wseg_000454,,,,,3495,3499,5,5,0,1135.68,1137.36,1.6799999999998363,,1.1400000000003274,1.1400000000003274,1,0,5,0,[],False,False
wseg_005373,,,,,32525,32532,8,8,0,13035.04,13037.6,2.5599999999994907,,1.139999999999418,1.139999999999418,1,0,8,0,[],False,False
wseg_004539,,,,,27373,27378,6,6,0,11371.64,11377.64,6.0,,1.1200000000008004,1.1200000000008004,1,0,6,0,[],False,False
wseg_001881,,,,,11872,11877,6,6,0,4571.46,4572.62,1.1599999999998545,,1.1199999999998909,1.1199999999998909,1,0,6,0,[],False,False
wseg_001332,,,,,8686,8686,1,1,0,2895.76,2896.48,0.7199999999997999,,1.1199999999998909,1.1199999999998909,1,0,1,0,[],False,False
wseg_003175,,,,,19146,19147,2,2,0,7235.1,7236.18,1.0799999999999272,,1.1099999999996726,1.1099999999996726,1,0,2,0,[],False,False
wseg_005557,,,,,34734,34739,6,6,0,13982.76,13984.02,1.2600000000002183,,1.1000000000003638,1.1000000000003638,1,0,6,0,[],False,False
wseg_003719,,,,,21960,21963,4,4,0,8359.8,8361.14,1.3400000000001455,,1.1000000000003638,1.1000000000003638,1,0,4,0,[],False,False
