token_row_index,token_id,segment_id,text,text_stripped,start_sec,end_sec,duration_sec,is_empty,is_punctuation_like,prev_text,next_text,prev_end_sec,next_start_sec,gap_from_prev_sec,gap_to_next_sec,is_repeat_with_prev,near_30s_boundary,has_diar_overlap,best_overlap_sec,best_overlap_ratio,total_overlap_sec,total_overlap_ratio,best_speaker,best_diar_segment_id,speaker_count_overlapping,gap_from_prev_sec_filled
15931,15931,, Merci,Merci,6075.02,6075.56,0.5399999999999636,False,False,Merci,Madame,6068.8,6075.56,6.220000000000255,0.0,True,False,False,0.0,0.0,0.0,0.0,,,0,6.220000000000255
23762,23762,, bonjour,bonjour,10186.18,10186.66,0.47999999999956344,False,False,bonjour,à,10185.04,10186.66,1.139999999999418,0.0,True,False,False,0.0,0.0,0.0,0.0,,,0,1.139999999999418
11882,11882,, Applaudissements,Applaudissements,4576.0,4576.66,0.6599999999998545,False,False,Applaudissements,Merci,4575.16,4578.3,0.8400000000001455,1.6400000000003274,True,False,False,0.0,0.0,0.0,0.0,,,0,0.8400000000001455
28766,28766,, Merci.,Merci.,11763.74,11764.02,0.28000000000065484,False,False,Merci.,"Oui,",11762.98,11766.26,0.7600000000002183,2.2399999999997817,True,False,False,0.0,0.0,0.0,0.0,,,0,0.7600000000002183
15533,15533,," Europe,","Europe,",5930.52,5930.82,0.2999999999992724,False,False,"Europe,",toute,5930.3,5930.92,0.22000000000025466,0.1000000000003638,True,False,False,0.0,0.0,0.0,0.0,,,0,0.22000000000025466
30047,30047,," très,","très,",12189.38,12190.18,0.8000000000010914,False,False,"très,",très,12189.34,12190.18,0.039999999999054126,0.0,True,False,False,0.0,0.0,0.0,0.0,,,0,0.039999999999054126
1231,1231,, très,très,416.04,416.2,0.15999999999996817,False,False,très,"forte,",416.04,416.2,0.0,0.0,True,False,False,0.0,0.0,0.0,0.0,,,0,0.0
2948,2948,, vous,vous,949.74,950.2,0.4600000000000364,False,False,vous,rendrez,949.74,950.2,0.0,0.0,True,False,False,0.0,0.0,0.0,0.0,,,0,0.0
7393,7393,, nous,nous,2440.46,2440.68,0.2199999999997999,False,False,nous,sommes,2440.46,2440.68,0.0,0.0,True,False,False,0.0,0.0,0.0,0.0,,,0,0.0
8361,8361,, merci,merci,2772.96,2773.58,0.6199999999998909,False,False,merci,monsieur,2772.96,2773.58,0.0,0.0,True,False,False,0.0,0.0,0.0,0.0,,,0,0.0
9379,9379,, nous,nous,3709.4,3709.6,0.1999999999998181,False,False,nous,heurtons,3709.4,3709.6,0.0,0.0,True,False,False,0.0,0.0,0.0,0.0,,,0,0.0
11881,11881,, Applaudissements,Applaudissements,4574.34,4575.16,0.819999999999709,False,False,Applaudissements,Applaudissements,4574.34,4576.0,0.0,0.8400000000001455,True,False,False,0.0,0.0,0.0,0.0,,,0,0.0
23407,23407,, merci,merci,8913.58,8913.58,0.0,False,False,merci,madame,8913.58,8913.58,0.0,0.0,True,False,False,0.0,0.0,0.0,0.0,,,0,0.0
29880,29880,, nous,nous,12143.32,12143.44,0.12000000000080036,False,False,nous,trouvons.,12143.32,12143.44,0.0,0.0,True,False,False,0.0,0.0,0.0,0.0,,,0,0.0
30862,30862,, Et...,Et...,12466.26,12466.98,0.7199999999993452,False,False,Et...,Et,12466.26,12466.98,0.0,0.0,True,False,False,0.0,0.0,0.0,0.0,,,0,0.0
36462,36462,, vous,vous,14788.28,14788.46,0.17999999999847205,False,False,vous,fixez,14788.28,14788.46,0.0,0.0,True,False,False,0.0,0.0,0.0,0.0,,,0,0.0
23758,23758,, merci,merci,10179.960000000001,10180.44,0.47999999999956344,False,False,tous,à,9573.28,10180.44,606.6800000000003,0.0,False,False,False,0.0,0.0,0.0,0.0,,,0,606.6800000000003
23755,23755,, merci,merci,9569.1,9570.5,1.3999999999996362,False,False,tous,à,9327.26,9570.5,241.84000000000015,0.0,False,False,False,0.0,0.0,0.0,0.0,,,0,241.84000000000015
23752,23752,, merci,merci,9323.900000000001,9325.300000000001,1.3999999999996362,False,False,tous,à,9270.96,9325.300000000001,52.94000000000233,0.0,False,False,False,0.0,0.0,0.0,0.0,,,0,52.94000000000233
23729,23729,, au,au,9113.960000000001,9115.36,1.3999999999996362,False,False,tous,revoir,9065.28,9115.36,48.68000000000029,0.0,False,False,False,0.0,0.0,0.0,0.0,,,0,48.68000000000029
33068,33068,, Sous,Sous,13141.400000000001,13142.800000000001,1.3999999999996362,False,False,arrive.,-titrage,13096.46,13142.800000000001,44.94000000000233,0.0,False,False,False,0.0,0.0,0.0,0.0,,,0,44.94000000000233
33096,33096,, Sous,Sous,13348.980000000001,13350.380000000001,1.3999999999996362,False,False,501,-titrage,13305.48,13350.380000000001,43.50000000000182,0.0,False,False,False,0.0,0.0,0.0,0.0,,,0,43.50000000000182
38631,38631,, Sous,Sous,15541.36,15542.76,1.3999999999996362,False,False,levée,-titres,15506.52,15542.76,34.840000000000146,0.0,False,False,False,0.0,0.0,0.0,0.0,,,0,34.840000000000146
33128,33128,, Sous,Sous,13571.42,13572.82,1.3999999999996362,False,False,501,-titrage,13538.86,13572.82,32.55999999999949,0.0,False,False,False,0.0,0.0,0.0,0.0,,,0,32.55999999999949
33136,33136,, Sous,Sous,13631.580000000002,13632.460000000001,0.8799999999991996,False,False,501,-titrage,13604.2,13632.460000000001,27.38000000000102,0.0,False,False,False,0.0,0.0,0.0,0.0,,,0,27.38000000000102
23734,23734,, merci,merci,9173.960000000001,9175.36,1.3999999999996362,False,False,tous,à,9147.26,9175.36,26.700000000000728,0.0,False,False,False,0.0,0.0,0.0,0.0,,,0,26.700000000000728
23743,23743,, merci,merci,9263.960000000001,9265.36,1.3999999999996362,False,False,tous,à,9237.26,9265.36,26.700000000000728,0.0,False,False,False,0.0,0.0,0.0,0.0,,,0,26.700000000000728
33076,33076,, Sous,Sous,13201.400000000001,13202.800000000001,1.3999999999996362,False,False,501,-titrage,13174.7,13202.800000000001,26.700000000000728,0.0,False,False,False,0.0,0.0,0.0,0.0,,,0,26.700000000000728
33080,33080,, Sous,Sous,13231.400000000001,13232.800000000001,1.3999999999996362,False,False,501,-titrage,13204.7,13232.800000000001,26.700000000000728,0.0,False,False,False,0.0,0.0,0.0,0.0,,,0,26.700000000000728
23737,23737,, merci,merci,9203.66,9205.06,1.3999999999996362,False,False,tous,à,9177.26,9205.06,26.399999999999636,0.0,False,False,False,0.0,0.0,0.0,0.0,,,0,26.399999999999636
9210,9210,, Merci,Merci,3337.3,3338.16,0.8599999999996726,False,False,tous,à,3311.3,3338.16,26.0,0.0,False,False,False,0.0,0.0,0.0,0.0,,,0,26.0
9219,9219,, Merci,Merci,3427.3,3428.16,0.8599999999996726,False,False,tous,à,3401.3,3428.16,26.0,0.0,False,False,False,0.0,0.0,0.0,0.0,,,0,26.0
9222,9222,, Merci,Merci,3457.3,3458.16,0.8599999999996726,False,False,tous,à,3431.3,3458.16,26.0,0.0,False,False,False,0.0,0.0,0.0,0.0,,,0,26.0
33072,33072,, Sous,Sous,13170.54,13171.94,1.3999999999996362,False,False,501,-titrage,13144.7,13171.94,25.840000000000146,0.0,False,False,False,0.0,0.0,0.0,0.0,,,0,25.840000000000146
33092,33092,, Sous,Sous,13301.119999999999,13302.4,1.2800000000006548,False,False,501,-titrage,13275.9,13302.4,25.219999999999345,0.0,False,False,False,0.0,0.0,0.0,0.0,,,0,25.219999999999345
33104,33104,, Sous,Sous,13388.66,13390.06,1.3999999999996362,False,False,501,-titrage,13363.54,13390.06,25.11999999999898,0.0,False,False,False,0.0,0.0,0.0,0.0,,,0,25.11999999999898
33108,33108,, Sous,Sous,13418.6,13420.0,1.3999999999996362,False,False,501,-titrage,13393.7,13420.0,24.899999999999636,0.0,False,False,False,0.0,0.0,0.0,0.0,,,0,24.899999999999636
9225,9225,, Merci,Merci,3487.3,3488.16,0.8599999999996726,False,False,tous,à,3463.3,3488.16,24.0,0.0,False,False,False,0.0,0.0,0.0,0.0,,,0,24.0
9228,9228,, Merci,Merci,3517.3,3518.16,0.8599999999996726,False,False,tous,à,3493.3,3518.16,24.0,0.0,False,False,False,0.0,0.0,0.0,0.0,,,0,24.0
33124,33124,, Sous,Sous,13536.58,13537.42,0.8400000000001455,False,False,501,-titrage,13513.56,13537.42,23.020000000000437,0.0,False,False,False,0.0,0.0,0.0,0.0,,,0,23.020000000000437
33120,33120,, Sous,Sous,13505.44,13506.84,1.3999999999996362,False,False,501,-titrage,13482.46,13506.84,22.980000000001382,0.0,False,False,False,0.0,0.0,0.0,0.0,,,0,22.980000000001382
23726,23726,, merci,merci,9057.28,9057.74,0.4599999999991269,False,False,suspendue,à,9034.38,9057.74,22.900000000001455,0.0,False,False,False,0.0,0.0,0.0,0.0,,,0,22.900000000001455
9231,9231,, Merci,Merci,3547.3,3548.16,0.8599999999996726,False,False,tous,à,3525.3,3548.16,22.0,0.0,False,False,False,0.0,0.0,0.0,0.0,,,0,22.0
33140,33140,, de,de,13654.7,13654.98,0.27999999999883585,False,False,501,pouvoir,13633.94,13654.98,20.76000000000022,0.0,False,False,False,0.0,0.0,0.0,0.0,,,0,20.76000000000022
33112,33112,, Sous,Sous,13446.400000000001,13446.880000000001,0.47999999999956344,False,False,501,-titrage,13426.38,13446.880000000001,20.020000000002256,0.0,False,False,False,0.0,0.0,0.0,0.0,,,0,20.020000000002256
9234,9234,, Merci,Merci,3577.3,3578.16,0.8599999999996726,False,False,tous,à,3557.3,3578.16,20.0,0.0,False,False,False,0.0,0.0,0.0,0.0,,,0,20.0
9237,9237,, Merci,Merci,3607.3,3608.16,0.8599999999996726,False,False,tous,à,3587.3,3608.16,20.0,0.0,False,False,False,0.0,0.0,0.0,0.0,,,0,20.0
33116,33116,, Sous,Sous,13475.62,13477.02,1.3999999999996362,False,False,501,-titrage,13455.74,13477.02,19.88000000000102,0.0,False,False,False,0.0,0.0,0.0,0.0,,,0,19.88000000000102
9240,9240,, Merci,Merci,3639.02,3639.54,0.5199999999999818,False,False,tous,à,3619.3,3639.54,19.7199999999998,0.0,False,False,False,0.0,0.0,0.0,0.0,,,0,19.7199999999998
15000,15000,, Merci,Merci,5765.4800000000005,5766.02,0.5399999999999636,False,False,remercie,Madame,5746.48,5766.02,19.00000000000091,0.0,False,False,False,0.0,0.0,0.0,0.0,,,0,19.00000000000091
9183,9183,, Merci,Merci,3067.3,3068.16,0.8599999999996726,False,False,tous,à,3048.68,3068.16,18.620000000000346,0.0,False,False,False,0.0,0.0,0.0,0.0,,,0,18.620000000000346
12666,12666,, Madame,Madame,4913.82,4914.58,0.7600000000002183,False,False,remercie,la,4895.94,4914.58,17.88000000000011,0.0,False,False,False,0.0,0.0,0.0,0.0,,,0,17.88000000000011
19370,19370,, madame,madame,7334.12,7334.72,0.6000000000003638,False,False,écologiste,la,7317.76,7334.72,16.359999999999673,0.0,False,False,False,0.0,0.0,0.0,0.0,,,0,16.359999999999673
13584,13584,, Madame,Madame,5265.44,5266.08,0.6400000000003274,False,False,républicaine,la,5249.28,5266.08,16.159999999999854,0.0,False,False,False,0.0,0.0,0.0,0.0,,,0,16.159999999999854
21009,21009,, oui,oui,7972.5199999999995,7973.32,0.8000000000001819,False,False,Bonnecarrère,madame,7957.6,7973.32,14.919999999999163,0.0,False,False,False,0.0,0.0,0.0,0.0,,,0,14.919999999999163
9364,9364,, Madame,Madame,3703.58,3704.06,0.4800000000000182,False,False,minutes,la,3688.84,3704.06,14.739999999999782,0.0,False,False,False,0.0,0.0,0.0,0.0,,,0,14.739999999999782
29159,29159,, Merci,Merci,11891.12,11891.52,0.3999999999996362,False,False,Voilà.,Madame,11876.74,11891.52,14.380000000001019,0.0,False,False,False,0.0,0.0,0.0,0.0,,,0,14.380000000001019
20179,20179,, merci,merci,7636.799999999999,7637.36,0.5600000000004002,False,False,démocrate,madame,7625.8,7642.179999999999,10.99999999999909,4.819999999999709,False,False,False,0.0,0.0,0.0,0.0,,,0,10.99999999999909
13569,13569,, Merci,Merci,5245.06,5245.46,0.3999999999996362,False,False,remercie,La,5234.32,5245.46,10.740000000000691,0.0,False,False,False,0.0,0.0,0.0,0.0,,,0,10.740000000000691
16879,16879,, madame,madame,6401.44,6402.0,0.5600000000004002,False,False,Insoumise,la,6391.04,6402.0,10.399999999999636,0.0,False,False,False,0.0,0.0,0.0,0.0,,,0,10.399999999999636
11121,11121,, Merci,Merci,4305.44,4306.08,0.6400000000003274,False,False,'étranger,Mme,4295.56,4306.08,9.8799999999992,0.0,False,False,False,0.0,0.0,0.0,0.0,,,0,9.8799999999992
33088,33088,, Sous,Sous,13273.96,13274.72,0.7600000000002183,False,False,501,-titrage,13264.7,13274.72,9.2599999999984,0.0,False,False,False,0.0,0.0,0.0,0.0,,,0,9.2599999999984
14203,14203,, Merci,Merci,5491.18,5491.68,0.5,False,False,République,madame,5482.26,5491.68,8.920000000000073,0.0,False,False,False,0.0,0.0,0.0,0.0,,,0,8.920000000000073
33115,33115,, 501,501,13455.5,13455.74,0.23999999999978172,False,False,ST',Sous,13447.54,13475.62,7.959999999999127,19.88000000000102,False,False,False,0.0,0.0,0.0,0.0,,,0,7.959999999999127
18516,18516,, merci,merci,6984.879999999999,6985.44,0.5600000000004002,False,False,républicaine,madame,6977.3,6985.44,7.579999999999018,0.0,False,False,False,0.0,0.0,0.0,0.0,,,0,7.579999999999018
33100,33100,, Sous,Sous,13361.84,13362.44,0.6000000000003638,False,False,501,-titrage,13354.7,13362.44,7.139999999999418,0.0,False,False,False,0.0,0.0,0.0,0.0,,,0,7.139999999999418
35119,35119,, Merci,Merci,14342.54,14343.02,0.47999999999956344,False,False,Merci.,Madame,14335.46,14343.02,7.080000000001746,0.0,False,False,False,0.0,0.0,0.0,0.0,,,0,7.080000000001746
11099,11099,, La,La,4289.58,4290.22,0.6400000000003274,False,False,beaucoup,parole,4282.56,4290.22,7.019999999999527,0.0,False,False,False,0.0,0.0,0.0,0.0,,,0,7.019999999999527
15930,15930,, Merci,Merci,6068.26,6068.8,0.5399999999999636,False,False,République,Merci,6061.4,6075.02,6.860000000000582,6.220000000000255,False,False,False,0.0,0.0,0.0,0.0,,,0,6.860000000000582
9243,9243,, Merci,Merci,3645.76,3646.28,0.5199999999999818,False,False,tous,à,3640.06,3646.28,5.700000000000273,0.0,False,False,False,0.0,0.0,0.0,0.0,,,0,5.700000000000273
17859,17859,, merci,merci,6725.58,6726.24,0.6599999999998545,False,False,socialiste,monsieur,6720.12,6726.24,5.460000000000036,0.0,False,False,False,0.0,0.0,0.0,0.0,,,0,5.460000000000036
33123,33123,, 501,501,13513.46,13513.56,0.1000000000003638,False,False,ST',Sous,13508.24,13536.58,5.219999999999345,23.020000000000437,False,False,False,0.0,0.0,0.0,0.0,,,0,5.219999999999345
33135,33135,, 501,501,13603.88,13604.2,0.32000000000152795,False,False,ST',Sous,13598.78,13631.580000000002,5.099999999998545,27.38000000000102,False,False,False,0.0,0.0,0.0,0.0,,,0,5.099999999998545
22308,22308,, qui,qui,8480.88,8481.4,0.5200000000004366,False,False,pour,est,8476.04,8481.4,4.8399999999983265,0.0,False,False,False,0.0,0.0,0.0,0.0,,,0,4.8399999999983265
20180,20180,, madame,madame,7642.179999999999,7642.74,0.5600000000004002,False,False,merci,la,7637.36,7642.74,4.819999999999709,0.0,False,False,False,0.0,0.0,0.0,0.0,,,0,4.819999999999709
20168,20168,, la,la,7622.2,7622.78,0.5799999999999272,False,False,remercie,parole,7617.42,7622.78,4.779999999999745,0.0,False,False,False,0.0,0.0,0.0,0.0,,,0,4.779999999999745
30660,30660,," Oui,","Oui,",12396.02,12396.38,0.3599999999987631,False,False,manque.,je,12391.26,12396.52,4.760000000000218,0.1400000000012369,False,False,False,0.0,0.0,0.0,0.0,,,0,4.760000000000218
15916,15916,, La,La,6058.0,6058.54,0.5399999999999636,False,False,remercie,parole,6053.44,6058.54,4.5600000000004,0.0,False,False,False,0.0,0.0,0.0,0.0,,,0,4.5600000000004
33605,33605,, Monsieur,Monsieur,13836.78,13837.18,0.3999999999996362,False,False,comptes.,le,13832.44,13837.18,4.3400000000001455,0.0,False,False,False,0.0,0.0,0.0,0.0,,,0,4.3400000000001455
20216,20216,, pour,pour,7658.82,7658.82,0.0,False,False,internationaux,déterminer,7654.56,7658.82,4.259999999999309,0.0,False,False,False,0.0,0.0,0.0,0.0,,,0,4.259999999999309
7319,7319,, madame,madame,2413.56,2414.2,0.6399999999998727,False,False,écologique,la,2409.32,2414.2,4.239999999999782,0.0,False,False,False,0.0,0.0,0.0,0.0,,,0,4.239999999999782
25093,25093,," Alors,","Alors,",10597.38,10597.82,0.4400000000005093,False,False,-Mézières.,"voilà,",10593.2,10597.88,4.179999999998472,0.05999999999949068,False,False,False,0.0,0.0,0.0,0.0,,,0,4.179999999998472
22311,22311,, non,non,8487.439999999999,8487.96,0.5200000000004366,False,False,contre,mais,8483.28,8487.96,4.1599999999980355,0.0,False,False,False,0.0,0.0,0.0,0.0,,,0,4.1599999999980355
7491,7491,, je,je,2492.36,2492.94,0.5799999999999272,False,False,maintenant,pense,2488.22,2492.94,4.140000000000327,0.0,False,False,False,0.0,0.0,0.0,0.0,,,0,4.140000000000327
23653,23653,, le,le,9003.2,9003.84,0.6399999999994179,False,False,ouvert,scrutin,8999.16,9003.84,4.040000000000873,0.0,False,False,False,0.0,0.0,0.0,0.0,,,0,4.040000000000873
22335,22335,, le,le,8500.039999999999,8500.56,0.5200000000004366,False,False,ouvert,scrutin,8496.28,8500.56,3.7599999999983993,0.0,False,False,False,0.0,0.0,0.0,0.0,,,0,3.7599999999983993
22196,22196,, comme,comme,8444.82,8445.26,0.4400000000005093,False,False,plaît,cela,8441.12,8445.26,3.6999999999989086,0.0,False,False,False,0.0,0.0,0.0,0.0,,,0,3.6999999999989086
9249,9249,, Merci,Merci,3650.14,3650.66,0.5199999999999818,False,False,tous,à,3646.54,3650.66,3.599999999999909,0.0,False,False,False,0.0,0.0,0.0,0.0,,,0,3.599999999999909
23406,23406,, merci,merci,8913.02,8913.58,0.5599999999994907,False,False,publique,merci,8909.5,8913.58,3.5200000000004366,0.0,False,False,False,0.0,0.0,0.0,0.0,,,0,3.5200000000004366
23047,23047,, favorable,favorable,8778.18,8778.58,0.3999999999996362,False,False,-amendé,à,8774.7,8778.58,3.4799999999995634,0.0,False,False,False,0.0,0.0,0.0,0.0,,,0,3.4799999999995634
21807,21807,, oui,oui,8308.06,8308.66,0.6000000000003638,False,False,madame,madame,8304.64,8308.66,3.4200000000000728,0.0,False,False,False,0.0,0.0,0.0,0.0,,,0,3.4200000000000728
21974,21974,, en,en,8368.44,8369.0,0.5599999999994907,False,False,amendement,quelques,8365.02,8369.0,3.4200000000000728,0.0,False,False,False,0.0,0.0,0.0,0.0,,,0,3.4200000000000728
22376,22376,, alors,alors,8525.14,8525.9,0.7600000000002183,False,False,Herlieu,c,8521.72,8525.9,3.4200000000000728,0.0,False,False,False,0.0,0.0,0.0,0.0,,,0,3.4200000000000728
22773,22773,, cet,cet,8678.300000000001,8678.86,0.5599999999994907,False,False,-y,amendement,8674.9,8678.86,3.400000000001455,0.0,False,False,False,0.0,0.0,0.0,0.0,,,0,3.400000000001455
17848,17848,, la,la,6716.660000000001,6717.14,0.47999999999956344,False,False,remercie,parole,6713.3,6717.14,3.360000000000582,0.0,False,False,False,0.0,0.0,0.0,0.0,,,0,3.360000000000582
33119,33119,, 501,501,13482.46,13482.46,0.0,False,False,ST',Sous,13479.14,13505.44,3.319999999999709,22.980000000001382,False,False,False,0.0,0.0,0.0,0.0,,,0,3.319999999999709
30475,30475,, Pardon.,Pardon.,12338.08,12338.52,0.4400000000005093,False,False,vite.,"Premièrement,",12334.8,12338.96,3.280000000000655,0.4399999999986903,False,False,False,0.0,0.0,0.0,0.0,,,0,3.280000000000655
5460,5460,, Merci,Merci,1764.84,1765.32,0.4800000000000182,False,False,socialiste.,Madame,1761.56,1765.32,3.2799999999999727,0.0,False,False,False,0.0,0.0,0.0,0.0,,,0,3.2799999999999727
2789,2789,, essentielles,essentielles,896.0999999999999,896.54,0.44000000000005457,False,False,conditions,que,892.9,896.54,3.199999999999932,0.0,False,False,False,0.0,0.0,0.0,0.0,,,0,3.199999999999932
37085,37085,, Merci,Merci,14996.759999999998,14997.279999999999,0.5200000000004366,False,False,questions.,Madame,14993.56,14997.279999999999,3.1999999999989086,0.0,False,False,False,0.0,0.0,0.0,0.0,,,0,3.1999999999989086
2963,2963,," Rapidement,","Rapidement,",957.76,958.24,0.4800000000000182,False,False,Ministre.,j,954.58,958.24,3.17999999999995,0.0,False,False,False,0.0,0.0,0.0,0.0,,,0,3.17999999999995
27330,27330,, Est,Est,11330.96,11331.04,0.08000000000174623,False,False,-ci.,-ce,11327.78,11331.04,3.179999999998472,0.0,False,False,False,0.0,0.0,0.0,0.0,,,0,3.179999999998472
30470,30470,, Je,Je,12333.46,12333.9,0.4400000000005093,False,False,?,vais,12330.28,12333.9,3.179999999998472,0.0,False,False,False,0.0,0.0,0.0,0.0,,,0,3.179999999998472
37089,37089,, Monsieur,Monsieur,15001.46,15001.98,0.5200000000004366,False,False,Présidente.,le,14998.36,15001.98,3.099999999998545,0.0,False,False,False,0.0,0.0,0.0,0.0,,,0,3.099999999998545
22754,22754,, qui,qui,8665.56,8666.08,0.5200000000004366,False,False,pour,est,8662.52,8666.08,3.039999999999054,0.0,False,False,False,0.0,0.0,0.0,0.0,,,0,3.039999999999054
7608,7608,, madame,madame,2550.66,2551.18,0.5199999999999818,False,False,démocrate,la,2547.64,2551.18,3.019999999999982,0.0,False,False,False,0.0,0.0,0.0,0.0,,,0,3.019999999999982
23677,23677,, mes,mes,9018.82,9019.46,0.6399999999994179,False,False,adopté,chers,9015.82,9019.46,3.0,0.0,False,False,False,0.0,0.0,0.0,0.0,,,0,3.0
23133,23133,, oui,oui,8809.700000000003,8810.160000000002,0.4599999999991269,False,False,-y,madame,8806.72,8810.160000000002,2.9800000000032014,0.0,False,False,False,0.0,0.0,0.0,0.0,,,0,2.9800000000032014
4429,4429,, très,très,1444.04,1444.12,0.07999999999992724,False,False,poursuit,fort.,1441.06,1444.12,2.980000000000018,0.0,False,False,False,0.0,0.0,0.0,0.0,,,0,2.980000000000018
24881,24881,, En,En,10525.960000000001,10526.36,0.3999999999996362,False,False,commune.,"conclusion,",10523.06,10526.36,2.900000000001455,0.0,False,False,False,0.0,0.0,0.0,0.0,,,0,2.900000000001455
35451,35451,, Je,Je,14459.62,14460.02,0.3999999999996362,False,False,respecté.,vous,14456.72,14460.02,2.900000000001455,0.0,False,False,False,0.0,0.0,0.0,0.0,,,0,2.900000000001455
27474,27474,, La,La,11376.440000000002,11376.740000000002,0.2999999999992724,False,False,je...,parole,11373.6,11376.740000000002,2.8400000000019645,0.0,False,False,False,0.0,0.0,0.0,0.0,,,0,2.8400000000019645
32327,32327,, On,On,12874.48,12874.72,0.23999999999978172,False,False,responsabilité.,a,12871.64,12874.72,2.8400000000001455,0.0,False,False,False,0.0,0.0,0.0,0.0,,,0,2.8400000000001455
2886,2886,, Je,Je,930.5,930.9,0.39999999999997726,False,False,critiquer.,crois,927.66,930.9,2.840000000000032,0.0,False,False,False,0.0,0.0,0.0,0.0,,,0,2.840000000000032
18503,18503,, la,la,6973.179999999999,6973.74,0.5600000000004002,False,False,merci,parole,6970.34,6973.74,2.839999999999236,0.0,False,False,False,0.0,0.0,0.0,0.0,,,0,2.839999999999236
15265,15265,, C,C,5847.76,5847.88,0.11999999999989086,False,False,droit.,'est,5844.94,5847.88,2.8200000000006185,0.0,False,False,False,0.0,0.0,0.0,0.0,,,0,2.8200000000006185
16092,16092,, Depuis,Depuis,6133.14,6133.62,0.47999999999956344,False,False,résoudre,20,6130.34,6133.62,2.800000000000182,0.0,False,False,False,0.0,0.0,0.0,0.0,,,0,2.800000000000182
28323,28323,," Merci,","Merci,",11639.460000000001,11639.78,0.31999999999970896,False,False,-Martin.,Madame,11636.68,11639.9,2.780000000000655,0.11999999999898137,False,False,False,0.0,0.0,0.0,0.0,,,0,2.780000000000655
11854,11854,, Applaudissements,Applaudissements,4562.9,4563.5,0.6000000000003638,False,False,remercie,Je,4560.26,4565.86,2.639999999999418,2.3599999999996726,False,False,False,0.0,0.0,0.0,0.0,,,0,2.639999999999418
27427,27427,," Donc,","Donc,",11363.26,11363.56,0.2999999999992724,False,False,effectivement.,je,11360.64,11363.62,2.6200000000008004,0.06000000000130967,False,False,False,0.0,0.0,0.0,0.0,,,0,2.6200000000008004
5862,5862,," oui,","oui,",1902.8,1903.32,0.5199999999999818,False,False,-mer,merci,1900.2,1903.38,2.599999999999909,0.060000000000172804,False,False,False,0.0,0.0,0.0,0.0,,,0,2.599999999999909
15817,15817,, pour,pour,6027.76,6027.76,0.0,False,False,froid,les,6025.18,6027.76,2.5799999999999272,0.0,False,False,False,0.0,0.0,0.0,0.0,,,0,2.5799999999999272
19032,19032,, accentue,accentue,7191.28,7191.92,0.6400000000003274,False,False,féliciter,ce,7188.72,7191.92,2.5599999999994907,0.0,False,False,False,0.0,0.0,0.0,0.0,,,0,2.5599999999994907
20999,20999,, je,je,7951.58,7952.02,0.4400000000005093,False,False,responsabilité,vous,7949.04,7952.02,2.5399999999999636,0.0,False,False,False,0.0,0.0,0.0,0.0,,,0,2.5399999999999636
27786,27786,," Donc,","Donc,",11479.900000000001,11480.300000000001,0.3999999999996362,False,False,?,je...,11477.38,11480.300000000001,2.5200000000022555,0.0,False,False,False,0.0,0.0,0.0,0.0,,,0,2.5200000000022555
28710,28710,, Et,Et,11750.76,11750.76,0.0,False,False,?,du,11748.26,11750.76,2.5,0.0,False,False,False,0.0,0.0,0.0,0.0,,,0,2.5
38591,38591,, Merci,Merci,15492.359999999999,15492.88,0.5200000000004366,False,False,-mêmes,Monsieur,15489.86,15492.88,2.499999999998181,0.0,False,False,False,0.0,0.0,0.0,0.0,,,0,2.499999999998181
35461,35461,, Merci,Merci,14464.76,14465.16,0.3999999999996362,False,False,-Martin.,Madame,14462.3,14465.16,2.460000000000946,0.0,False,False,False,0.0,0.0,0.0,0.0,,,0,2.460000000000946
11827,11827,, et,et,4552.3,4552.38,0.07999999999992724,False,False,clair,que,4549.84,4552.38,2.4600000000000364,0.0,False,False,False,0.0,0.0,0.0,0.0,,,0,2.4600000000000364
23066,23066,, oui,oui,8785.08,8785.48,0.3999999999996362,False,False,ministre,pour,8782.64,8785.48,2.4400000000005093,0.0,False,False,False,0.0,0.0,0.0,0.0,,,0,2.4400000000005093
32020,32020,," Merci,","Merci,",12802.98,12803.26,0.28000000000065484,False,False,Fesneau.,Mme,12800.54,12803.4,2.4399999999986903,0.13999999999941792,False,False,False,0.0,0.0,0.0,0.0,,,0,2.4399999999986903
40,40,, Merci,Merci,29.08,29.56,0.4800000000000004,False,False,Horizon.,madame,26.68,29.56,2.3999999999999986,0.0,False,False,False,0.0,0.0,0.0,0.0,,,0,2.3999999999999986
16862,16862,, je,je,6384.9,6385.46,0.5600000000004002,False,False,bout,vous,6382.5,6385.46,2.399999999999636,0.0,False,False,False,0.0,0.0,0.0,0.0,,,0,2.399999999999636
22339,22339,, voici,voici,8503.78,8504.54,0.7600000000002183,False,False,clos,le,8501.4,8504.54,2.3800000000010186,0.0,False,False,False,0.0,0.0,0.0,0.0,,,0,2.3800000000010186
29163,29163,, Je,Je,11894.92,11895.32,0.3999999999996362,False,False,Présidente.,"rebondis,",11892.56,11895.32,2.360000000000582,0.0,False,False,False,0.0,0.0,0.0,0.0,,,0,2.360000000000582
2531,2531,, Quand,Quand,818.9,818.98,0.08000000000004093,False,False,?,allez,816.54,818.98,2.3600000000000136,0.0,False,False,False,0.0,0.0,0.0,0.0,,,0,2.3600000000000136
11855,11855,, Je,Je,4565.86,4566.46,0.6000000000003638,False,False,Applaudissements,vous,4563.5,4566.46,2.3599999999996726,0.0,False,False,False,0.0,0.0,0.0,0.0,,,0,2.3599999999996726
21473,21473,, à,à,8183.5,8183.52,0.020000000000436557,False,False,lié,cet,8181.16,8183.52,2.3400000000001455,0.0,False,False,False,0.0,0.0,0.0,0.0,,,0,2.3400000000001455
21774,21774,, j,j,8291.02,8291.5,0.47999999999956344,False,False,pause,'appelle,8288.68,8291.5,2.3400000000001455,0.0,False,False,False,0.0,0.0,0.0,0.0,,,0,2.3400000000001455
23223,23223,, oui,oui,8842.52,8843.04,0.5200000000004366,False,False,merci,madame,8840.24,8843.04,2.280000000000655,0.0,False,False,False,0.0,0.0,0.0,0.0,,,0,2.280000000000655
14187,14187,, La,La,5478.58,5479.08,0.5,False,False,remercie,parole,5476.3,5479.08,2.2799999999997453,0.0,False,False,False,0.0,0.0,0.0,0.0,,,0,2.2799999999997453
36363,36363,, Merci,Merci,14744.1,14744.7,0.6000000000003638,False,False,Blain.,Madame,14741.84,14744.7,2.2600000000002183,0.0,False,False,False,0.0,0.0,0.0,0.0,,,0,2.2600000000002183
28767,28767,," Oui,","Oui,",11766.26,11766.54,0.28000000000065484,False,False,Merci.,alors,11764.02,11766.64,2.2399999999997817,0.09999999999854481,False,False,False,0.0,0.0,0.0,0.0,,,0,2.2399999999997817
23626,23626,, je,je,8992.32,8992.72,0.3999999999996362,False,False,adopté,vais,8990.1,8992.72,2.219999999999345,0.0,False,False,False,0.0,0.0,0.0,0.0,,,0,2.219999999999345
33107,33107,, 501,501,13393.68,13393.7,0.020000000000436557,False,False,ST',Sous,13391.48,13418.6,2.2000000000007276,24.899999999999636,False,False,False,0.0,0.0,0.0,0.0,,,0,2.2000000000007276
8929,8929,, volonté,volonté,2977.96,2978.3,0.3400000000001455,False,False,première,comme,2975.76,2978.3,2.199999999999818,0.0,False,False,False,0.0,0.0,0.0,0.0,,,0,2.199999999999818
32051,32051,," Simplement,","Simplement,",12811.62,12811.9,0.27999999999883585,False,False,caricatures.,"alors,",12809.44,12811.9,2.180000000000291,0.0,False,False,False,0.0,0.0,0.0,0.0,,,0,2.180000000000291
4326,4326,, très,très,1414.04,1414.1,0.05999999999994543,False,False,évidemment,importante.,1411.86,1414.1,2.1800000000000637,0.0,False,False,False,0.0,0.0,0.0,0.0,,,0,2.1800000000000637
6611,6611,, la,la,2156.8,2157.06,0.25999999999976353,False,False,remercie,parole,2154.64,2157.06,2.1600000000003092,0.0,False,False,False,0.0,0.0,0.0,0.0,,,0,2.1600000000003092
36354,36354,, Je,Je,14739.1,14739.7,0.6000000000003638,False,False,simplification.,vous,14736.96,14739.7,2.140000000001237,0.0,False,False,False,0.0,0.0,0.0,0.0,,,0,2.140000000001237
29870,29870,, Désintégrer,Désintégrer,12138.06,12138.5,0.4400000000005093,False,False,décomplexifier...,cette,12135.92,12138.5,2.139999999999418,0.0,False,False,False,0.0,0.0,0.0,0.0,,,0,2.139999999999418
36479,36479,, Ils,Ils,14796.96,14797.12,0.16000000000167347,False,False,multiplient.,se,14794.82,14797.12,2.139999999999418,0.0,False,False,False,0.0,0.0,0.0,0.0,,,0,2.139999999999418
36544,36544,, vous,vous,14826.96,14826.96,0.0,False,False,"IRA,",dites,14824.82,14826.96,2.139999999999418,0.0,False,False,False,0.0,0.0,0.0,0.0,,,0,2.139999999999418
26402,26402,, Comme,Comme,11052.460000000001,11052.86,0.3999999999996362,False,False,budgétaire.,vous,11050.34,11052.86,2.1200000000008004,0.0,False,False,False,0.0,0.0,0.0,0.0,,,0,2.1200000000008004
7581,7581,, où,où,2533.98,2534.42,0.44000000000005457,False,False,seule,des,2531.88,2534.42,2.099999999999909,0.0,False,False,False,0.0,0.0,0.0,0.0,,,0,2.099999999999909
13743,13743,, Santé,Santé,5324.32,5324.48,0.15999999999985448,False,False,tabagisme,s,5322.22,5324.48,2.0999999999994543,0.0,False,False,False,0.0,0.0,0.0,0.0,,,0,2.0999999999994543
19359,19359,, la,la,7314.279999999999,7314.879999999999,0.6000000000003638,False,False,remercie,parole,7312.18,7314.879999999999,2.099999999998545,0.0,False,False,False,0.0,0.0,0.0,0.0,,,0,2.099999999998545
23129,23129,, madame,madame,8805.740000000002,8806.2,0.4599999999991269,False,False,nationale,hervé,8803.66,8806.2,2.0800000000017462,0.0,False,False,False,0.0,0.0,0.0,0.0,,,0,2.0800000000017462
36530,36530,, Quand,Quand,14819.68,14820.24,0.5599999999994907,False,False,?,vous,14817.62,14820.24,2.0599999999994907,0.0,False,False,False,0.0,0.0,0.0,0.0,,,0,2.0599999999994907
26880,26880,, Moi,Moi,11197.58,11197.94,0.3600000000005821,False,False,question.,je,11195.56,11197.94,2.0200000000004366,0.0,False,False,False,0.0,0.0,0.0,0.0,,,0,2.0200000000004366
30778,30778,, C,C,12438.5,12438.9,0.3999999999996362,False,False,personne.,'est,12436.48,12438.9,2.0200000000004366,0.0,False,False,False,0.0,0.0,0.0,0.0,,,0,2.0200000000004366
34778,34778,, Merci,Merci,14219.44,14219.88,0.4399999999986903,False,False,Marceau.,Madame,14217.42,14219.88,2.0200000000004366,0.0,False,False,False,0.0,0.0,0.0,0.0,,,0,2.0200000000004366
2443,2443,, Le,Le,788.9,788.9,0.0,False,False,Mercosur.,Mercosur,786.9,788.9,2.0,0.0,False,False,False,0.0,0.0,0.0,0.0,,,0,2.0
12335,12335,, et,et,4776.0,4776.0,0.0,False,False,2015,l,4774.02,4776.0,1.9799999999995634,0.0,False,False,False,0.0,0.0,0.0,0.0,,,0,1.9799999999995634
25614,25614,," Certainement,","Certainement,",10787.36,10787.8,0.4399999999986903,False,False,structures.,il,10785.4,10787.8,1.9600000000009459,0.0,False,False,False,0.0,0.0,0.0,0.0,,,0,1.9600000000009459
11993,11993,, une,une,4631.44,4631.76,0.32000000000061846,False,False,'ajoute,crise,4629.48,4631.76,1.9600000000000364,0.0,False,False,False,0.0,0.0,0.0,0.0,,,0,1.9600000000000364
22211,22211,, cet,cet,8450.599999999999,8450.96,0.3600000000005821,False,False,effectivement,amendement,8448.64,8450.96,1.9599999999991269,0.0,False,False,False,0.0,0.0,0.0,0.0,,,0,1.9599999999991269
30985,30985,," Merci,","Merci,",12505.74,12506.14,0.3999999999996362,False,False,-y.,Madame,12503.78,12506.26,1.9599999999991269,0.12000000000080036,False,False,False,0.0,0.0,0.0,0.0,,,0,1.9599999999991269
22976,22976,, mettre,mettre,8754.080000000002,8754.560000000001,0.47999999999956344,False,False,de,en,8752.14,8754.560000000001,1.9400000000023283,0.0,False,False,False,0.0,0.0,0.0,0.0,,,0,1.9400000000023283
22728,22728,, même,même,8654.76,8655.28,0.5200000000004366,False,False,ministre,avis,8652.82,8655.28,1.9400000000005093,0.0,False,False,False,0.0,0.0,0.0,0.0,,,0,1.9400000000005093
38636,38636,, Sous,Sous,15546.6,15548.0,1.3999999999996362,False,False,Laflute,-titres,15544.66,15548.0,1.9400000000005093,0.0,False,False,False,0.0,0.0,0.0,0.0,,,0,1.9400000000005093
23095,23095,, je,je,8796.380000000001,8796.84,0.4599999999991269,False,False,3,vous,8794.46,8796.84,1.9200000000018917,0.0,False,False,False,0.0,0.0,0.0,0.0,,,0,1.9200000000018917
23620,23620,, qui,qui,8988.18,8988.58,0.3999999999996362,False,False,pour,est,8986.26,8988.58,1.9200000000000728,0.0,False,False,False,0.0,0.0,0.0,0.0,,,0,1.9200000000000728
26653,26653,," Voilà,","Voilà,",11122.16,11122.26,0.1000000000003638,False,False,tutelle.,nous,11120.24,11122.32,1.9200000000000728,0.05999999999949068,False,False,False,0.0,0.0,0.0,0.0,,,0,1.9200000000000728
33111,33111,, 501,501,13426.0,13426.38,0.37999999999919964,False,False,ST',Sous,13424.08,13446.400000000001,1.9200000000000728,20.020000000002256,False,False,False,0.0,0.0,0.0,0.0,,,0,1.9200000000000728
2189,2189,, Je,Je,701.52,701.64,0.12000000000000455,False,False,député.,suis,699.6,701.64,1.919999999999959,0.0,False,False,False,0.0,0.0,0.0,0.0,,,0,1.919999999999959
9252,9252,, Merci,Merci,3657.22,3657.48,0.2600000000002183,False,False,tous,à,3655.3,3657.48,1.919999999999618,0.0,False,False,False,0.0,0.0,0.0,0.0,,,0,1.919999999999618
21331,21331,, la,la,8123.5,8123.56,0.06000000000040018,False,False,noir,fiscalité,8121.62,8123.56,1.8800000000001091,0.0,False,False,False,0.0,0.0,0.0,0.0,,,0,1.8800000000001091
2984,2984,, qui,qui,965.84,965.96,0.12000000000000455,False,False,polémiquer,plus,963.96,965.96,1.8799999999999955,0.0,False,False,False,0.0,0.0,0.0,0.0,,,0,1.8799999999999955
3869,3869,, Merci,Merci,1247.66,1248.14,0.4800000000000182,False,False,République.,Madame,1245.82,1248.14,1.8400000000001455,0.0,False,False,False,0.0,0.0,0.0,0.0,,,0,1.8400000000001455
21196,21196,, dans,dans,8068.26,8068.52,0.2600000000002183,False,False,tourisme,les,8066.42,8068.52,1.8400000000001455,0.0,False,False,False,0.0,0.0,0.0,0.0,,,0,1.8400000000001455
5447,5447,, La,La,1757.56,1758.04,0.4800000000000182,False,False,député.,parole,1755.72,1758.04,1.8399999999999181,0.0,False,False,False,0.0,0.0,0.0,0.0,,,0,1.8399999999999181
36688,36688,, Merci,Merci,14881.7,14882.18,0.47999999999956344,False,False,Ministre.,Madame,14879.9,14882.18,1.8000000000010914,0.0,False,False,False,0.0,0.0,0.0,0.0,,,0,1.8000000000010914
3382,3382,, Merci,Merci,1101.56,1102.0,0.44000000000005457,False,False,remercie.,Monsieur,1099.76,1102.0,1.7999999999999545,0.0,False,False,False,0.0,0.0,0.0,0.0,,,0,1.7999999999999545
3412,3412,, vous,vous,1112.12,1112.56,0.44000000000005457,False,False,"député,",me,1110.34,1112.56,1.7799999999999727,0.0,False,False,False,0.0,0.0,0.0,0.0,,,0,1.7799999999999727
23657,23657,, voici,voici,9006.54,9007.18,0.6399999999994179,False,False,clos,le,9004.8,9007.18,1.7400000000016007,0.0,False,False,False,0.0,0.0,0.0,0.0,,,0,1.7400000000016007
34325,34325,, Monsieur,Monsieur,14071.380000000001,14071.86,0.47999999999956344,False,False,?,le,14069.64,14071.86,1.7400000000016007,0.0,False,False,False,0.0,0.0,0.0,0.0,,,0,1.7400000000016007
37802,37802,," opérateur,","opérateur,",15257.62,15257.86,0.23999999999978172,False,False,"agence,","office,",15255.88,15257.92,1.7400000000016007,0.05999999999949068,False,False,False,0.0,0.0,0.0,0.0,,,0,1.7400000000016007
20758,20758,, il,il,7861.58,7862.04,0.4600000000000364,False,False,noir,s,7859.84,7862.04,1.7399999999997817,0.0,False,False,False,0.0,0.0,0.0,0.0,,,0,1.7399999999997817
21136,21136,, de,de,8038.26,8038.7,0.4399999999995998,False,False,distribution,la,8036.52,8038.7,1.7399999999997817,0.0,False,False,False,0.0,0.0,0.0,0.0,,,0,1.7399999999997817
37718,37718,, Je,Je,15226.44,15226.88,0.4399999999986903,False,False,normal.,vous,15224.7,15226.88,1.7399999999997817,0.0,False,False,False,0.0,0.0,0.0,0.0,,,0,1.7399999999997817
11903,11903,, Le,Le,4589.5,4590.16,0.6599999999998545,False,False,collègues,commerce,4587.82,4590.16,1.680000000000291,0.0,False,False,False,0.0,0.0,0.0,0.0,,,0,1.680000000000291
21397,21397,, il,il,8153.5599999999995,8154.12,0.5600000000004002,False,False,intracommunautaire,y,8151.88,8154.12,1.6799999999993815,0.0,False,False,False,0.0,0.0,0.0,0.0,,,0,1.6799999999993815
22414,22414,, il,il,8543.679999999998,8544.279999999999,0.6000000000003638,False,False,avec,y,8542.0,8544.279999999999,1.679999999998472,0.0,False,False,False,0.0,0.0,0.0,0.0,,,0,1.679999999998472
33024,33024,, Je,Je,13085.66,13086.02,0.3600000000005821,False,False,ça.,vous,13084.0,13086.02,1.6599999999998545,0.0,False,False,False,0.0,0.0,0.0,0.0,,,0,1.6599999999998545
22025,22025,, avec,avec,8388.44,8388.62,0.18000000000029104,False,False,éteints,American,8386.8,8388.62,1.640000000001237,0.0,False,False,False,0.0,0.0,0.0,0.0,,,0,1.640000000001237
11883,11883,, Merci,Merci,4578.3,4578.96,0.6599999999998545,False,False,Applaudissements,Madame,4576.66,4578.96,1.6400000000003274,0.0,False,False,False,0.0,0.0,0.0,0.0,,,0,1.6400000000003274
22365,22365,, nous,nous,8516.48,8517.24,0.7600000000002183,False,False,adopté,poursuivons,8514.86,8517.24,1.6199999999989814,0.0,False,False,False,0.0,0.0,0.0,0.0,,,0,1.6199999999989814
26871,26871,, Madame,Madame,11191.4,11191.76,0.3600000000005821,False,False,?,"Revelle,",11189.78,11191.76,1.6199999999989814,0.0,False,False,False,0.0,0.0,0.0,0.0,,,0,1.6199999999989814
38425,38425,, des,des,15441.279999999999,15441.72,0.4400000000005093,False,False,sur,compétences,15439.66,15441.72,1.6199999999989814,0.0,False,False,False,0.0,0.0,0.0,0.0,,,0,1.6199999999989814
28939,28939,," Ça,","Ça,",11821.42,11821.74,0.31999999999970896,False,False,même.,ça,11819.82,11821.74,1.6000000000003638,0.0,False,False,False,0.0,0.0,0.0,0.0,,,0,1.6000000000003638
35260,35260,, Structure,Structure,14396.56,14396.96,0.3999999999996362,False,False,réflexion.,par,14394.96,14396.96,1.6000000000003638,0.0,False,False,False,0.0,0.0,0.0,0.0,,,0,1.6000000000003638
11310,11310,, Le,Le,4375.959999999999,4376.48,0.5200000000004366,False,False,autoroute,commerce,4374.36,4376.48,1.5999999999994543,0.0,False,False,False,0.0,0.0,0.0,0.0,,,0,1.5999999999994543
12960,12960,, représente,représente,5023.48,5024.12,0.6400000000003274,False,False,licite,de,5021.88,5024.12,1.5999999999994543,0.0,False,False,False,0.0,0.0,0.0,0.0,,,0,1.5999999999994543
17152,17152,, indique,indique,6493.0199999999995,6493.62,0.6000000000003638,False,False,1000DK,que,6491.42,6493.62,1.5999999999994543,0.0,False,False,False,0.0,0.0,0.0,0.0,,,0,1.5999999999994543
31605,31605,, ...difficilement,...difficilement,12676.720000000001,12677.2,0.47999999999956344,False,False,choisie...,efficace,12675.14,12677.2,1.5800000000017462,0.0,False,False,False,0.0,0.0,0.0,0.0,,,0,1.5800000000017462
28056,28056,, Oui.,Oui.,11566.62,11566.94,0.31999999999970896,False,False,justifierait.,Madame.,11565.06,11567.28,1.5600000000013097,0.3400000000001455,False,False,False,0.0,0.0,0.0,0.0,,,0,1.5600000000013097
38095,38095,, Qui,Qui,15327.759999999998,15328.119999999999,0.3600000000005821,False,False,?,contrôle,15326.2,15328.119999999999,1.5599999999976717,0.0,False,False,False,0.0,0.0,0.0,0.0,,,0,1.5599999999976717
10685,10685,, c,c,4139.52,4139.86,0.339999999999236,False,False,solution,'est,4137.98,4139.86,1.5400000000008731,0.0,False,False,False,0.0,0.0,0.0,0.0,,,0,1.5400000000008731
26862,26862,, Lequel,Lequel,11186.78,11187.14,0.3599999999987631,False,False,merci.,souhaite,11185.24,11187.14,1.5400000000008731,0.0,False,False,False,0.0,0.0,0.0,0.0,,,0,1.5400000000008731
30087,30087,," Merci,","Merci,",12207.26,12207.66,0.3999999999996362,False,False,Raud.,Madame,12205.72,12207.74,1.5400000000008731,0.07999999999992724,False,False,False,0.0,0.0,0.0,0.0,,,0,1.5400000000008731
32292,32292,, Deuxième,Deuxième,12866.02,12866.26,0.23999999999978172,False,False,agence.,"élément,",12864.48,12866.26,1.5400000000008731,0.0,False,False,False,0.0,0.0,0.0,0.0,,,0,1.5400000000008731
34199,34199,, comment,comment,14036.460000000001,14036.78,0.31999999999970896,False,False,assez...,"dire,",14034.92,14036.78,1.5400000000008731,0.0,False,False,False,0.0,0.0,0.0,0.0,,,0,1.5400000000008731
36684,36684,, Merci,Merci,14878.52,14879.0,0.47999999999956344,False,False,beaucoup.,Monsieur,14876.98,14879.0,1.5400000000008731,0.0,False,False,False,0.0,0.0,0.0,0.0,,,0,1.5400000000008731
5480,5480,, les,les,1774.04,1774.04,0.0,False,False,"République,",originaux,1772.5,1774.04,1.5399999999999636,0.0,False,False,False,0.0,0.0,0.0,0.0,,,0,1.5399999999999636
22760,22760,, nous,nous,8670.16,8670.68,0.5200000000004366,False,False,rejeté,poursuivons,8668.62,8670.68,1.5399999999990541,0.0,False,False,False,0.0,0.0,0.0,0.0,,,0,1.5399999999990541
27911,27911,, reflètent,reflètent,11519.92,11520.36,0.4400000000005093,False,False,constate,aussi,11518.4,11520.36,1.5200000000004366,0.0,False,True,False,0.0,0.0,0.0,0.0,,,0,1.5200000000004366
25711,25711,, Comme,Comme,10822.16,10822.3,0.13999999999941792,False,False,transports.,il,10820.64,10822.3,1.5200000000004366,0.0,False,False,False,0.0,0.0,0.0,0.0,,,0,1.5200000000004366
28316,28316,, La,La,11635.08,11635.4,0.31999999999970896,False,False,valeur.,parole,11633.56,11635.4,1.5200000000004366,0.0,False,False,False,0.0,0.0,0.0,0.0,,,0,1.5200000000004366
382,382,, Je,Je,158.06,158.46,0.4000000000000057,False,False,Christophe.,pense,156.56,158.46,1.5,0.0,False,False,False,0.0,0.0,0.0,0.0,,,0,1.5
7169,7169,, a,a,2362.18,2362.26,0.08000000000038199,False,False,Macron,dit,2360.68,2362.26,1.5,0.0,False,False,False,0.0,0.0,0.0,0.0,,,0,1.5
8705,8705,, merci,merci,2905.4,2905.96,0.5599999999999454,False,False,faire,monsieur,2903.9,2905.96,1.5,0.0,False,False,False,0.0,0.0,0.0,0.0,,,0,1.5
11481,11481,, C,C,4432.3,4432.34,0.03999999999996362,False,False,2015,'est,4430.8,4432.34,1.5,0.0,False,False,False,0.0,0.0,0.0,0.0,,,0,1.5
4494,4494,, afin,afin,1464.1799999999998,1464.58,0.40000000000009095,False,False,patience,d,1462.68,1464.58,1.4999999999997726,0.0,False,False,False,0.0,0.0,0.0,0.0,,,0,1.4999999999997726
31939,31939,, On,On,12778.78,12779.18,0.3999999999996362,False,False,Oui.,dépasse,12777.3,12779.18,1.4800000000013824,0.0,False,False,False,0.0,0.0,0.0,0.0,,,0,1.4800000000013824
3303,3303,," Nucléaire,","Nucléaire,",1068.3200000000002,1068.9,0.5799999999999272,False,False,française.,"agriculture,",1066.84,1068.9,1.4800000000002456,0.0,False,False,False,0.0,0.0,0.0,0.0,,,0,1.4800000000002456
37213,37213,, éloignement,éloignement,15040.32,15040.88,0.5599999999994907,False,False,certain,plutôt,15038.86,15040.88,1.4599999999991269,0.0,False,False,False,0.0,0.0,0.0,0.0,,,0,1.4599999999991269
30024,30024,," Troisièmement,","Troisièmement,",12184.52,12184.84,0.31999999999970896,False,False,citoyen.,on,12183.08,12184.88,1.4400000000005093,0.039999999999054126,False,False,False,0.0,0.0,0.0,0.0,,,0,1.4400000000005093
32457,32457,, Peut,Peut,12905.2,12905.48,0.27999999999883585,False,False,'évaluation.,-être,12903.76,12905.48,1.4400000000005093,0.0,False,False,False,0.0,0.0,0.0,0.0,,,0,1.4400000000005093
12342,12342,," Pourtant,","Pourtant,",4779.08,4779.76,0.680000000000291,False,False,2016,dix,4777.66,4779.78,1.4200000000000728,0.019999999999527063,False,False,False,0.0,0.0,0.0,0.0,,,0,1.4200000000000728
21801,21801,, allez,allez,8303.5,8303.6,0.1000000000003638,False,False,présente,-y,8302.08,8303.6,1.4200000000000728,0.0,False,False,False,0.0,0.0,0.0,0.0,,,0,1.4200000000000728
23994,23994,, Merci,Merci,10252.98,10253.42,0.4400000000005093,False,False,Madame.,Madame,10251.56,10253.42,1.4200000000000728,0.0,False,False,False,0.0,0.0,0.0,0.0,,,0,1.4200000000000728
27485,27485,, Ma,Ma,11381.54,11381.84,0.2999999999992724,False,False,Présidente.,"question,",11380.12,11381.84,1.4200000000000728,0.0,False,False,False,0.0,0.0,0.0,0.0,,,0,1.4200000000000728
28058,28058,, Je,Je,11569.02,11569.34,0.31999999999970896,False,False,Madame.,suis,11567.6,11569.34,1.4200000000000728,0.0,False,False,False,0.0,0.0,0.0,0.0,,,0,1.4200000000000728
29681,29681,, Pour,Pour,12077.0,12077.38,0.37999999999919964,False,False,sont...,le,12075.58,12077.38,1.4200000000000728,0.0,False,False,False,0.0,0.0,0.0,0.0,,,0,1.4200000000000728
33521,33521,," Troisièmement,","Troisièmement,",13798.7,13799.26,0.5599999999994907,False,False,responsabilité.,faire,13797.28,13799.26,1.4200000000000728,0.0,False,False,False,0.0,0.0,0.0,0.0,,,0,1.4200000000000728
34785,34785,," Effectivement,","Effectivement,",14223.06,14223.5,0.4400000000005093,False,False,Ministre.,la,14221.64,14223.5,1.4200000000000728,0.0,False,False,False,0.0,0.0,0.0,0.0,,,0,1.4200000000000728
4765,4765,, 345,345,1544.3,1544.78,0.4800000000000182,False,False,"2025,",Palestiniens,1542.88,1544.78,1.4199999999998454,0.0,False,False,False,0.0,0.0,0.0,0.0,,,0,1.4199999999998454
36507,36507,, Par,Par,14807.880000000001,14808.44,0.5599999999994907,False,False,politique.,quelle,14806.48,14808.44,1.4000000000014552,0.0,False,False,False,0.0,0.0,0.0,0.0,,,0,1.4000000000014552
14723,14723,, Comme,Comme,5655.06,5655.54,0.47999999999956344,False,False,comportementales,le,5653.66,5655.54,1.4000000000005457,0.0,False,False,False,0.0,0.0,0.0,0.0,,,0,1.4000000000005457
16659,16659,, c,c,6319.68,6319.72,0.03999999999996362,False,False,Luxembourg,'est,6318.28,6319.72,1.4000000000005457,0.0,False,False,False,0.0,0.0,0.0,0.0,,,0,1.4000000000005457
7913,7913,, pour,pour,2647.3,2647.38,0.07999999999992724,False,False,innovantes,ce,2645.9,2647.38,1.400000000000091,0.0,False,False,False,0.0,0.0,0.0,0.0,,,0,1.400000000000091
22767,22767,, madame,madame,8674.18,8674.28,0.1000000000003638,False,False,3,la,8672.78,8674.28,1.3999999999996362,0.0,False,False,False,0.0,0.0,0.0,0.0,,,0,1.3999999999996362
23761,23761,, bonjour,bonjour,10184.560000000001,10185.04,0.47999999999956344,False,False,tous,bonjour,10183.18,10186.18,1.3800000000010186,1.139999999999418,False,False,False,0.0,0.0,0.0,0.0,,,0,1.3800000000010186
2542,2542,, Je,Je,822.6999999999999,823.06,0.36000000000001364,False,False,?,vous,821.32,823.06,1.3799999999998818,0.0,False,False,False,0.0,0.0,0.0,0.0,,,0,1.3799999999998818
29129,29129,, Pour,Pour,11864.399999999998,11864.679999999998,0.28000000000065484,False,False,cas.,certains,11863.02,11864.679999999998,1.3799999999973807,0.0,False,False,False,0.0,0.0,0.0,0.0,,,0,1.3799999999973807
16712,16712,, et,et,6338.160000000001,6338.64,0.47999999999956344,False,False,délibérée,en,6336.82,6338.64,1.340000000001055,0.0,False,False,False,0.0,0.0,0.0,0.0,,,0,1.340000000001055
12991,12991,, une,une,5036.46,5036.5,0.03999999999996362,False,False,plutôt,proportion,5035.12,5036.5,1.3400000000001455,0.0,False,False,False,0.0,0.0,0.0,0.0,,,0,1.3400000000001455
13154,13154,, Son,Son,5096.46,5096.46,0.0,False,False,pertinent,succès,5095.12,5096.46,1.3400000000001455,0.0,False,False,False,0.0,0.0,0.0,0.0,,,0,1.3400000000001455
18373,18373,, connaître,connaître,6921.2,6921.86,0.6599999999998545,False,False,états,donc,6919.86,6921.86,1.3400000000001455,0.0,False,False,False,0.0,0.0,0.0,0.0,,,0,1.3400000000001455
7406,7406,, alors,alors,2448.3,2448.96,0.6599999999998545,False,False,européen,que,2446.98,2448.96,1.3200000000001637,0.0,False,False,False,0.0,0.0,0.0,0.0,,,0,1.3200000000001637
36699,36699,, Quand,Quand,14887.4,14887.68,0.28000000000065484,False,False,claire.,je,14886.08,14887.68,1.319999999999709,0.0,False,False,False,0.0,0.0,0.0,0.0,,,0,1.319999999999709
22551,22551,, merci,merci,8595.78,8596.18,0.3999999999996362,False,False,amendement,madame,8594.48,8596.18,1.3000000000010914,0.0,False,False,False,0.0,0.0,0.0,0.0,,,0,1.3000000000010914
23662,23662,, votant,votant,9009.900000000001,9010.54,0.6399999999994179,False,False,scrutin,89,9008.6,9010.54,1.3000000000010914,0.0,False,False,False,0.0,0.0,0.0,0.0,,,0,1.3000000000010914
26627,26627,, ce,ce,11112.62,11113.02,0.3999999999996362,False,False,"vient,",qui,11111.32,11113.02,1.3000000000010914,0.0,False,False,False,0.0,0.0,0.0,0.0,,,0,1.3000000000010914
37763,37763,, Simplement,Simplement,15240.94,15241.38,0.4399999999986903,False,False,chose.,"dire,",15239.64,15241.38,1.3000000000010914,0.0,False,False,False,0.0,0.0,0.0,0.0,,,0,1.3000000000010914
7460,7460,, si,si,2478.3,2478.66,0.3599999999996726,False,False,traîné,il,2477.0,2478.66,1.300000000000182,0.0,False,False,False,0.0,0.0,0.0,0.0,,,0,1.300000000000182
7597,7597,, la,la,2543.76,2544.28,0.5199999999999818,False,False,ministre,parole,2542.46,2544.28,1.300000000000182,0.0,False,False,False,0.0,0.0,0.0,0.0,,,0,1.300000000000182
2273,2273,, Les,Les,731.52,731.52,0.0,False,False,plus.,ateliers,730.22,731.52,1.2999999999999545,0.0,False,False,False,0.0,0.0,0.0,0.0,,,0,1.2999999999999545
30966,30966,, Le,Le,12499.08,12499.48,0.3999999999996362,False,False,remercie.,premier,12497.78,12499.48,1.2999999999992724,0.0,False,False,False,0.0,0.0,0.0,0.0,,,0,1.2999999999992724
32017,32017,, Merci.,Merci.,12799.519999999999,12799.8,0.28000000000065484,False,False,choses.,M.,12798.22,12799.9,1.2999999999992724,0.1000000000003638,False,False,False,0.0,0.0,0.0,0.0,,,0,1.2999999999992724
38599,38599,, Prochaine,Prochaine,15495.82,15496.34,0.5200000000004366,False,False,clos,séance,15494.52,15496.34,1.2999999999992724,0.0,False,False,False,0.0,0.0,0.0,0.0,,,0,1.2999999999992724
10518,10518,, A,A,4081.94,4082.6,0.6599999999998545,False,False,sociale,l,4080.66,4082.6,1.2800000000002,0.0,False,False,False,0.0,0.0,0.0,0.0,,,0,1.2800000000002
3854,3854,, Merci.,Merci.,1241.52,1242.0,0.4800000000000182,False,False,hémicycle.,La,1240.24,1242.2,1.2799999999999727,0.20000000000004547,False,False,False,0.0,0.0,0.0,0.0,,,0,1.2799999999999727
11565,11565,, soit,soit,4462.3,4462.4,0.0999999999994543,False,False,publique,un,4461.02,4462.4,1.2799999999997453,0.0,False,False,False,0.0,0.0,0.0,0.0,,,0,1.2799999999997453
16842,16842,, je,je,6376.92,6376.94,0.019999999999527063,False,False,grandiose,vous,6375.64,6376.94,1.2799999999997453,0.0,False,False,False,0.0,0.0,0.0,0.0,,,0,1.2799999999997453
34769,34769,, Je,Je,14214.9,14215.34,0.4400000000005093,False,False,IRA.,vous,14213.62,14215.34,1.2799999999988358,0.0,False,False,False,0.0,0.0,0.0,0.0,,,0,1.2799999999988358
34105,34105,," Bon,","Bon,",14007.54,14007.86,0.31999999999970896,False,False,administrations.,avec,14006.3,14007.86,1.2400000000016007,0.0,False,False,False,0.0,0.0,0.0,0.0,,,0,1.2400000000016007
18763,18763,, l,l,7076.72,7076.72,0.0,False,False,bienvenue,'actualité,7075.48,7076.72,1.2400000000006912,0.0,False,False,False,0.0,0.0,0.0,0.0,,,0,1.2400000000006912
8019,8019,, que,que,2677.3,2677.46,0.15999999999985448,False,False,historique,vous,2676.06,2677.46,1.2400000000002365,0.0,False,False,False,0.0,0.0,0.0,0.0,,,0,1.2400000000002365
7091,7091,, on,on,2332.18,2332.18,0.0,False,False,ans,compare,2330.94,2332.18,1.2399999999997817,0.0,False,False,False,0.0,0.0,0.0,0.0,,,0,1.2399999999997817
7782,7782,, soyons,soyons,2608.72,2609.2,0.4800000000000182,False,False,Chine,lucides,2607.48,2609.2,1.2399999999997817,0.0,False,False,False,0.0,0.0,0.0,0.0,,,0,1.2399999999997817
27480,27480,," Oui,","Oui,",11378.92,11379.22,0.2999999999992724,False,False,Bruno.,"merci,",11377.68,11379.26,1.2399999999997817,0.040000000000873115,False,False,False,0.0,0.0,0.0,0.0,,,0,1.2399999999997817
36386,36386,, Les,Les,14754.72,14755.32,0.6000000000003638,False,False,également.,dépenses,14753.48,14755.32,1.2399999999997817,0.0,False,False,False,0.0,0.0,0.0,0.0,,,0,1.2399999999997817
16062,16062,, le,le,6120.120000000001,6120.6,0.47999999999956344,False,False,hémicycle,tabac,6118.9,6120.6,1.2200000000011642,0.0,False,True,False,0.0,0.0,0.0,0.0,,,0,1.2200000000011642
30003,30003,," Deuxièmement,","Deuxièmement,",12178.060000000001,12178.380000000001,0.31999999999970896,False,False,tout.,l,12176.84,12178.380000000001,1.2200000000011642,0.0,False,False,False,0.0,0.0,0.0,0.0,,,0,1.2200000000011642
13806,13806,, pour,pour,5347.54,5347.82,0.27999999999974534,False,False,significatif,nos,5346.32,5347.82,1.2200000000002547,0.0,False,False,False,0.0,0.0,0.0,0.0,,,0,1.2200000000002547
13121,13121,, sans,sans,5083.28,5083.92,0.6400000000003274,False,False,douane,garantir,5082.06,5083.92,1.2199999999993452,0.0,False,False,False,0.0,0.0,0.0,0.0,,,0,1.2199999999993452
14086,14086,, La,La,5440.36,5440.94,0.5799999999999272,False,False,contrôler,proposition,5439.14,5440.94,1.2199999999993452,0.0,False,False,False,0.0,0.0,0.0,0.0,,,0,1.2199999999993452
19021,19021,, la,la,7184.879999999999,7185.5199999999995,0.6400000000003274,False,False,'agir,facilité,7183.66,7185.5199999999995,1.2199999999993452,0.0,False,False,False,0.0,0.0,0.0,0.0,,,0,1.2199999999993452
37350,37350,, Merci,Merci,15097.859999999999,15098.48,0.6200000000008004,False,False,corriger.,Monsieur,15096.64,15098.48,1.2199999999993452,0.0,False,False,False,0.0,0.0,0.0,0.0,,,0,1.2199999999993452
17720,17720,, ces,ces,6670.439999999999,6670.959999999999,0.5200000000004366,False,False,moyens,personnes,6669.22,6670.959999999999,1.2199999999984357,0.0,False,False,False,0.0,0.0,0.0,0.0,,,0,1.2199999999984357
3065,3065,, Merci,Merci,985.6999999999999,986.06,0.36000000000001364,False,False,faits.,beaucoup,984.5,986.06,1.1999999999999318,0.0,False,False,False,0.0,0.0,0.0,0.0,,,0,1.1999999999999318
12410,12410,, Il,Il,4806.0,4806.08,0.07999999999992724,False,False,clair,s,4804.8,4806.08,1.199999999999818,0.0,False,False,False,0.0,0.0,0.0,0.0,,,0,1.199999999999818
30620,30620,, Et,Et,12381.839999999998,12382.199999999999,0.3600000000005821,False,False,voulez.,ça,12380.64,12382.199999999999,1.1999999999989086,0.0,False,False,False,0.0,0.0,0.0,0.0,,,0,1.1999999999989086
32642,32642,, souvent,souvent,12955.98,12956.34,0.3600000000005821,False,False,"temps,",en,12954.78,12956.34,1.1999999999989086,0.0,False,False,False,0.0,0.0,0.0,0.0,,,0,1.1999999999989086
37793,37793,, faux.,faux.,15252.06,15252.3,0.23999999999978172,False,False,peu,J,15250.86,15253.0,1.1999999999989086,0.7000000000007276,False,False,False,0.0,0.0,0.0,0.0,,,0,1.1999999999989086
24346,24346,, un,un,10374.64,10374.64,0.0,False,False,avec,lien,10373.46,10374.64,1.180000000000291,0.0,False,False,False,0.0,0.0,0.0,0.0,,,0,1.180000000000291
26355,26355,, Merci,Merci,11032.16,11032.54,0.38000000000101863,False,False,minutes.,madame,11030.98,11032.54,1.180000000000291,0.0,False,False,False,0.0,0.0,0.0,0.0,,,0,1.180000000000291
37785,37785,, Dire,Dire,15249.14,15249.38,0.23999999999978172,False,False,tous.,que,15247.96,15249.38,1.180000000000291,0.0,False,False,False,0.0,0.0,0.0,0.0,,,0,1.180000000000291
38061,38061,, Et,Et,15316.64,15317.0,0.3600000000005821,False,False,répond.,donc,15315.46,15317.0,1.180000000000291,0.0,False,False,False,0.0,0.0,0.0,0.0,,,0,1.180000000000291
38077,38077,, donc,donc,15322.56,15322.92,0.3600000000005821,False,False,"enfin,",c,15321.38,15322.92,1.180000000000291,0.0,False,False,False,0.0,0.0,0.0,0.0,,,0,1.180000000000291
32922,32922,, et,et,13054.72,13054.74,0.020000000000436557,False,False,détourné,ça,13053.54,13054.74,1.179999999998472,0.0,False,False,False,0.0,0.0,0.0,0.0,,,0,1.179999999998472
3521,3521,, 600,600,1143.98,1144.34,0.35999999999989996,False,False,?,000.,1142.82,1144.34,1.1600000000000819,0.0,False,False,False,0.0,0.0,0.0,0.0,,,0,1.1600000000000819
3629,3629,," Non,","Non,",1173.98,1174.38,0.40000000000009095,False,False,créées.,c,1172.82,1175.12,1.1600000000000819,0.7399999999997817,False,False,False,0.0,0.0,0.0,0.0,,,0,1.1600000000000819
1782,1782,, Merci,Merci,580.0799999999999,580.52,0.44000000000005457,False,False,remerciant.,"beaucoup,",578.92,580.52,1.1599999999999682,0.0,False,False,False,0.0,0.0,0.0,0.0,,,0,1.1599999999999682
16890,16890,, la,la,6406.92,6406.92,0.0,False,False,collègues,France,6405.76,6406.92,1.1599999999998545,0.0,False,False,False,0.0,0.0,0.0,0.0,,,0,1.1599999999998545
30059,30059,, Suppression,Suppression,12197.0,12197.3,0.2999999999992724,False,False,etc.,ou,12195.84,12197.3,1.1599999999998545,0.0,False,False,False,0.0,0.0,0.0,0.0,,,0,1.1599999999998545
30680,30680,, En,En,12407.0,12407.12,0.12000000000080036,False,False,'organisation...,"agence,",12405.84,12407.12,1.1599999999998545,0.0,False,False,False,0.0,0.0,0.0,0.0,,,0,1.1599999999998545
37734,37734,, Merci,Merci,15231.94,15232.38,0.4399999999986903,False,False,Fesneau.,beaucoup,15230.78,15232.38,1.1599999999998545,0.0,False,False,False,0.0,0.0,0.0,0.0,,,0,1.1599999999998545
